name,pz_C2_pop,px_O_pop,NBO_C_diazo,NBO_N1,NBO_N2,NBO_C_carbonyl,NBO_O,HOMO,ΔG,ΔG_fromAdd,adduct,ΔG-ΔG_O,ΔG_O,ΔG_C_fromDiazo,ΔG_C,ΔG-ΔG_C,BCl3_Role,ΔΔG,Overall performance
16_17,1.25984,1.8613099999999998,-0.08900000000000001,0.086,0.08,0.547,-0.599,-7.221,29.64,41.05,-11.41,14.54,15.11,11.4,22.81,6.83,1,7.71,14.54
8_19,1.28716,1.8009,-0.14,0.11900000000000001,0.16,0.631,-0.5329999999999999,-7.976,30.58,26.02,4.55,14.12,16.46,24.22,24.22,6.36,1,7.76,14.12
18_19,1.18824,1.8575099999999998,-0.105,0.09,0.08900000000000001,0.547,-0.595,-7.511,30.79,41.15,-10.36,14.4,16.39,14.84,25.19,5.6,1,8.81,14.4
19_4,1.16975,1.8696599999999999,0.348,0.005,0.079,0.47700000000000004,-0.569,-8.086,22.05,30.74,-8.69,-4.31,26.36,9.82,18.5,3.55,1,-7.86,3.55
19_8,1.23926,1.85916,0.009000000000000001,0.091,0.188,0.537,-0.529,-8.665,33.71,35.42,-1.71,-3.02,36.73,27.6,29.31,4.4,1,-7.42,4.4
5_10,1.30007,1.7823200000000001,-0.154,0.102,0.135,0.534,-0.542,-7.7570000000000014,35.76,35.6,0.16,14.5,21.26,17.7,17.7,18.07,1,-3.57,18.07
20_14,1.00176,1.7892599999999999,0.226,0.037000000000000005,0.069,0.5,-0.595,-7.702000000000001,16.74,27.61,-10.87,9.09,7.65,12.57,23.45,-6.71,1,15.79,9.09
4_15,1.3280299999999998,1.79772,0.006999999999999999,0.073,0.08800000000000001,0.883,-0.597,-8.138,8.32,11.51,-3.18,7.5,0.82,13.2,16.39,-8.06,1,15.57,7.5
18_22,1.24367,1.84995,-0.11599999999999999,0.083,0.07400000000000001,0.5489999999999999,-0.5710000000000001,-7.564,32.62,41.18,-8.56,15.47,17.16,13.77,22.33,10.3,1,5.17,15.47
18_9,1.26158,1.83808,-0.217,0.11199999999999999,0.154,0.565,-0.565,-8.616,34.38,37.16,-2.77,9.14,25.24,25.03,27.8,6.58,1,2.56,9.14
19_18,1.26662,1.8506200000000002,-0.094,0.09,0.092,0.546,-0.583,-7.419,32.45,42.3,-9.84,16.99,15.46,14.71,24.55,7.9,1,9.09,16.99
16_18,1.27163,1.8485599999999998,-0.09300000000000001,0.08900000000000001,0.08800000000000001,0.55,-0.596,-7.364,32.83,42.26,-9.43,15.19,17.63,13.92,23.36,9.47,1,5.72,15.19
5_12,1.26993,1.7629,0.19399999999999998,0.052000000000000005,0.11900000000000001,0.485,-0.54,-8.16,15.38,18.01,-2.63,8.05,7.33,11.21,13.84,1.54,1,6.51,8.05
5_22,1.30518,1.75908,-0.14300000000000002,0.102,0.141,0.5489999999999999,-0.508,-7.796,31.63,33.62,-1.99,10.76,20.87,14.58,16.56,15.07,1,-4.31,15.07
19_20,1.25563,1.8516400000000002,-0.09,0.084,0.071,0.542,-0.586,-6.9239999999999995,28.81,39.97,-11.16,18.57,10.23,12.56,23.72,5.09,1,13.49,18.57
22_2,1.27863,1.8798099999999998,-0.10400000000000001,0.1,0.051,0.505,-0.621,-7.5539999999999985,32.56,42.88,-10.32,16.08,16.48,8.02,18.34,14.22,1,1.86,16.08
4_8,1.36236,1.7830099999999998,-0.047,0.102,0.22399999999999998,0.902,-0.542,-9.61,35.94,28.65,7.29,-11.69,47.63,33.35,33.35,2.6,1,-14.28,2.6
22_10,1.28808,1.8791,-0.131,0.114,0.086,0.522,-0.609,-7.322999999999999,35.21,41.64,-6.43,18.91,16.3,12.96,19.39,15.81,1,3.09,18.91
8_13,1.16339,1.71765,0.18899999999999997,0.075,0.16399999999999998,0.586,-0.523,-8.171,17.0,11.86,5.14,9.4,7.6,14.31,14.31,2.7,1,6.7,9.4
15_6,1.33134,1.84095,-0.217,0.034,0.045,0.669,-0.6579999999999999,-7.652,26.91,39.33,-12.41,2.27,24.64,11.76,24.18,2.74,1,-0.46,2.74
22_18,1.28932,1.85487,-0.099,0.113,0.106,0.524,-0.61,-7.3329999999999975,30.16,38.96,-8.81,16.9,13.25,9.02,17.83,12.33,1,4.58,16.9
6_22,1.30577,1.73758,-0.14300000000000002,0.10300000000000001,0.147,0.512,-0.4970000000000001,-7.83,31.79,32.83,-1.04,13.31,18.48,15.2,16.24,15.55,1,-2.24,15.55
12_8,1.34647,1.8154700000000001,-0.01,0.1,0.19,0.812,-0.595,-9.173,33.76,27.26,6.5,-5.4,39.16,25.66,25.66,8.1,1,-13.5,8.1
5_9,1.3695,1.78253,-0.23800000000000002,0.12,0.204,0.5329999999999999,-0.516,-9.062999999999999,35.9,31.35,4.55,-7.12,43.02,29.04,29.04,6.86,1,-13.98,6.86
16_10,1.24298,1.8759,-0.124,0.091,0.076,0.546,-0.599,-7.388,34.73,45.36,-10.63,16.56,18.17,14.1,24.73,10.0,1,6.57,16.56
11_6,1.3477299999999999,1.84615,-0.21100000000000002,0.059000000000000004,0.115,0.461,-0.555,-8.074,29.28,37.7,-8.43,1.36,27.91,12.57,21.0,8.28,1,-6.92,8.28
16_19,1.21991,1.86263,-0.105,0.08900000000000001,0.083,0.5479999999999999,-0.599,-7.466,30.83,41.53,-10.7,14.7,16.14,17.75,28.45,2.38,1,12.32,14.7
18_11,1.23066,1.84533,-0.165,0.10099999999999999,0.11,0.555,-0.5770000000000001,-7.803,29.18,36.64,-7.46,11.55,17.63,16.88,24.34,4.84,1,6.7,11.55
18_4,1.25613,1.8528200000000001,0.358,0.003,0.07200000000000001,0.47600000000000003,-0.581,-8.073,15.51,27.31,-11.81,-8.93,24.44,8.87,20.68,-5.17,1,-3.76,-5.17
20_16,1.2573299999999998,1.85283,-0.09300000000000001,0.084,0.065,0.545,-0.601,-7.2,31.48,42.6,-11.12,14.98,16.5,13.01,24.13,7.35,1,7.63,14.98
11_8,1.33045,1.85922,0.02,0.09699999999999999,0.20600000000000002,0.48,-0.515,-9.297,33.6,36.63,-3.03,-4.1,37.7,27.8,30.84,2.76,1,-6.86,2.76
6_13,1.11887,1.68393,0.18899999999999997,0.055999999999999994,0.14,0.441,-0.523,-8.107000000000001,16.81,17.06,-0.24,8.96,7.85,12.66,12.9,3.91,1,5.05,8.96
10_15,1.24102,1.8765900000000002,0.092,0.046,0.04,0.49,-0.613,-7.346,7.94,24.93,-17.0,8.62,-0.69,12.08,29.07,-21.13,1,29.76,8.62
20_5,1.28453,1.8425099999999999,-0.133,0.047,0.086,0.519,-0.5870000000000001,-7.7360000000000015,28.8,38.37,-9.57,5.87,22.94,14.25,23.82,4.99,1,0.88,5.87
18_16,1.24499,1.85435,-0.095,0.086,0.078,0.545,-0.5920000000000001,-7.31,31.15,40.98,-9.83,15.99,15.16,13.04,22.87,8.28,1,7.71,15.99
1_20,1.26947,1.84736,-0.105,0.08900000000000001,0.078,0.365,-0.602,-6.896,27.75,44.46,-16.71,12.59,15.16,11.42,28.13,-0.38,1,12.96,12.59
17_17,1.2704600000000001,1.85685,-0.09300000000000001,0.083,0.07400000000000001,0.546,-0.596,-7.255,31.21,41.42,-10.21,15.53,15.68,13.44,23.65,7.55,1,7.97,15.53
22_12,1.26537,1.86572,0.225,0.06,0.069,0.47200000000000003,-0.607,-7.624,16.34,28.12,-11.78,11.74,4.6,8.84,20.62,-4.28,1,16.02,11.74
19_16,1.21716,1.8650400000000005,-0.091,0.08900000000000001,0.08800000000000001,0.545,-0.586,-7.307,31.44,42.02,-10.58,17.67,13.77,12.56,23.14,8.3,1,9.37,17.67
17_20,1.27064,1.84832,-0.09,0.081,0.063,0.5429999999999999,-0.598,-6.91,29.23,41.04,-11.81,18.14,11.09,16.44,28.24,0.98,1,17.15,18.14
5_16,1.29818,1.7726400000000002,-0.122,0.102,0.13699999999999998,0.539,-0.542,-7.564,29.82,32.59,-2.77,13.2,16.61,13.67,16.44,13.37,1,-0.17,13.37
6_17,1.29836,1.75353,-0.121,0.102,0.142,0.495,-0.534,-7.5539999999999985,28.61,30.03,-1.42,15.52,13.08,14.98,16.4,12.2,1,3.32,15.52
17_4,1.21841,1.86043,0.349,0.003,0.07400000000000001,0.479,-0.5820000000000001,-8.05,19.71,27.43,-7.72,-3.61,23.32,12.08,19.8,-0.09,1,-3.52,-0.09
14_17,1.3009700000000002,1.8294599999999999,-0.11900000000000001,0.094,0.091,0.826,-0.623,-7.276,28.18,32.87,-4.68,8.14,20.04,9.23,13.91,14.27,1,-6.13,14.27
8_9,1.37494,1.8025200000000001,-0.242,0.135,0.225,0.6509999999999999,-0.4970000000000001,-9.249,38.3,25.46,12.84,-7.45,45.75,35.34,35.34,2.96,1,-10.41,2.96
3_11,1.3083,1.8778700000000002,-0.165,0.098,0.087,0.581,-0.5820000000000001,-7.706,29.96,35.22,-5.26,15.84,14.13,16.05,21.3,8.66,1,7.18,15.84
8_20,1.29492,1.79255,-0.11800000000000001,0.11699999999999999,0.155,0.627,-0.539,-7.226,24.23,24.1,0.13,16.63,7.6,14.76,14.76,9.47,1,7.16,16.63
12_2,1.29096,1.7923200000000001,-0.126,0.083,0.028999999999999998,0.809,-0.652,-7.6179999999999986,32.91,37.16,-4.25,5.29,27.62,8.08,12.33,20.58,1,-15.29,20.58
1_5,1.34307,1.5869799999999998,-0.161,0.055,0.10099999999999999,0.34600000000000003,-0.58,-8.046,27.56,40.29,-12.73,5.05,22.52,11.41,24.14,3.43,1,1.62,5.05
19_12,1.13723,1.86443,0.231,0.037000000000000005,0.064,0.494,-0.586,-7.7639999999999985,16.01,28.94,-12.92,11.33,4.68,9.66,22.58,-6.57,1,17.9,11.33
13_4,1.28562,1.7980900000000002,0.322,0.009000000000000001,0.077,0.759,-0.606,-8.152999999999999,17.9,21.78,-3.87,-5.21,23.11,7.9,11.77,6.13,1,-11.34,6.13
2_15,1.30437,1.73717,0.051,0.079,0.053,0.534,-0.631,-7.644,9.88,28.15,-18.27,8.95,0.94,13.05,31.32,-21.43,1,30.38,8.95
6_18,1.30061,1.74512,-0.124,0.10400000000000001,0.14800000000000002,0.495,-0.532,-7.716,31.97,31.53,0.43,15.95,16.01,17.33,17.33,14.64,1,1.31,15.95
6_9,1.36905,1.76551,-0.237,0.121,0.20800000000000002,0.486,-0.508,-9.079,36.4,31.38,5.01,2.05,34.34,29.92,29.92,6.47,1,-4.42,6.47
1_22,1.27863,1.8648099999999999,-0.129,0.091,0.09,0.369,-0.57,-7.508999999999999,30.97,47.24,-16.27,11.5,19.48,11.48,27.75,3.23,1,8.27,11.5
2_6,1.34601,1.8589799999999999,-0.218,0.051,0.084,0.531,-0.593,-7.892,27.77,38.7,-10.93,2.24,25.53,10.93,21.86,5.9,1,-3.67,5.9
17_7,1.29924,1.85445,-0.225,0.08900000000000001,0.11599999999999999,0.546,-0.584,-8.585,37.49,43.43,-5.94,6.58,30.9,23.65,29.6,7.89,1,-1.31,7.89
16_22,1.27519,1.85569,-0.115,0.08199999999999999,0.068,0.55,-0.574,-7.504,32.39,41.98,-9.59,15.4,16.99,13.18,22.77,9.62,1,5.79,15.4
13_6,1.3754600000000001,1.82235,-0.249,0.06,0.099,0.8009999999999999,-0.607,-7.9910000000000005,26.88,29.46,-2.58,-3.0,29.88,9.91,12.49,14.39,1,-17.39,14.39
5_1,1.32021,1.6685299999999998,-0.361,0.096,0.11199999999999999,0.514,-0.541,-8.573,38.69,40.96,-2.27,4.15,34.54,17.37,19.65,19.04,1,-14.9,19.04
15_1,1.26086,1.75853,-0.33799999999999997,0.062,0.005,0.669,-0.677,-7.768,33.8,52.17,-18.37,-3.53,37.33,9.17,27.54,6.26,1,-9.79,6.26
8_16,1.29975,1.80046,-0.12300000000000001,0.12,0.161,0.63,-0.535,-7.722,29.26,27.5,1.75,15.63,13.63,17.93,17.93,11.33,1,4.3,15.63
19_10,1.19529,1.87463,-0.124,0.092,0.08199999999999999,0.544,-0.586,-7.437,34.75,45.21,-10.46,15.88,18.87,14.67,25.13,9.62,1,6.26,15.88
21_7,1.28524,1.8506,-0.22399999999999998,0.09,0.128,0.544,-0.573,-8.842,38.27,42.2,-3.93,6.21,32.06,27.08,31.01,7.26,1,-1.05,7.26
15_7,1.32037,1.8434700000000002,-0.23199999999999998,0.078,0.079,0.6859999999999999,-0.6659999999999999,-8.325,34.67,45.05,-10.38,-1.68,36.35,18.24,28.62,6.04,1,-7.73,6.04
10_2,1.25692,1.8361599999999998,-0.08900000000000001,0.076,0.035,0.501,-0.622,-7.642,33.77,45.02,-11.25,13.88,19.89,10.4,21.65,12.12,1,1.77,13.88
2_19,1.2858100000000001,1.8707200000000002,-0.10400000000000001,0.092,0.08800000000000001,0.5579999999999999,-0.615,-7.305,27.35,44.53,-17.18,11.66,15.68,10.45,27.63,-0.28,1,11.95,11.66
3_17,1.26976,1.8676400000000002,-0.08800000000000001,0.084,0.063,0.574,-0.601,-7.2010000000000005,30.96,38.65,-7.68,21.87,9.09,14.45,22.13,8.83,1,13.04,21.87
14_20,1.29626,1.8327200000000001,-0.11599999999999999,0.092,0.081,0.825,-0.624,-6.888,30.3,33.09,-2.79,12.64,17.66,12.76,15.55,14.75,1,-2.11,14.75
18_6,1.27019,1.84285,-0.215,0.052000000000000005,0.09699999999999999,0.521,-0.5760000000000001,-7.96,30.47,37.59,-7.12,6.68,23.79,15.74,22.86,7.6,1,-0.92,7.6
21_11,1.25945,1.8528200000000001,-0.163,0.10099999999999999,0.11699999999999999,0.552,-0.5720000000000001,-7.886,29.54,35.9,-6.37,11.81,17.73,17.71,24.08,5.45,1,6.35,11.81
22_1,1.30881,1.88611,-0.33899999999999997,0.099,0.061,0.499,-0.611,-7.947999999999999,38.11,44.97,-6.87,11.0,27.11,12.67,19.53,18.58,1,-7.58,18.58
1_15,1.30705,1.60712,0.036000000000000004,0.079,0.073,0.34700000000000003,-0.622,-7.776,8.58,28.84,-20.26,7.31,1.27,12.61,32.87,-24.29,1,31.6,7.31
15_20,1.27114,1.79598,-0.09,0.063,0.015,0.6920000000000001,-0.6709999999999999,-6.671,31.09,46.41,-15.32,9.66,21.43,11.26,26.58,4.51,1,5.14,9.66
10_6,1.34102,1.8743299999999998,-0.20800000000000002,0.05,0.08900000000000001,0.491,-0.593,-7.903,29.56,33.82,-4.27,9.35,20.21,11.95,16.21,13.34,1,-4.0,13.34
19_2,1.17572,1.87548,-0.09,0.075,0.038,0.529,-0.593,-7.706,33.64,46.41,-12.77,15.03,18.61,9.54,22.31,11.33,1,3.7,15.03
11_7,1.33446,1.8494,-0.213,0.096,0.138,0.486,-0.555,-8.888,37.73,44.68,-6.95,-1.82,39.55,26.05,32.99,4.74,1,-6.56,4.74
7_21,1.28903,1.8586799999999999,-0.10800000000000001,0.094,0.151,0.451,-0.552,-7.959,33.5,30.89,2.61,18.14,15.36,21.47,21.47,12.03,1,6.11,18.14
9_12,1.2435200000000002,1.83198,0.244,0.047,0.131,0.401,-0.547,-8.253,14.68,22.0,-7.32,9.19,5.48,12.36,19.69,-5.01,1,14.2,9.19
2_3,1.25833,1.8799599999999999,-0.08800000000000001,0.076,0.026000000000000002,0.547,-0.626,-7.615,30.53,48.22,-17.69,6.92,23.62,14.77,32.46,-1.92,1,8.84,6.92
10_1,1.2878399999999999,1.74783,-0.32299999999999995,0.076,0.047,0.4920000000000001,-0.615,-8.042,36.3,47.02,-10.72,10.95,25.35,9.88,20.6,15.71,1,-4.76,15.71
16_1,1.25601,1.8840700000000001,-0.33,0.077,0.049,0.522,-0.602,-8.044,37.08,49.34,-12.26,9.79,27.3,10.86,23.12,13.97,1,-4.18,13.97
8_8,1.36179,1.78952,-0.024,0.11,0.253,0.627,-0.469,-9.804,38.57,24.36,14.21,-15.46,54.03,40.72,40.72,-2.15,0,-13.31,-2.15
13_18,1.30374,1.8325200000000001,-0.122,0.098,0.098,0.828,-0.622,-7.407999999999999,31.97,35.15,-3.19,7.71,24.25,11.18,14.37,17.6,1,-9.89,17.6
13_21,1.30675,1.8325200000000001,-0.125,0.10099999999999999,0.11800000000000001,0.831,-0.618,-7.666,34.1,35.22,-1.12,7.89,26.21,11.88,13.0,21.1,1,-13.21,21.1
20_15,1.17474,1.8576400000000002,0.081,0.05,0.037000000000000005,0.521,-0.607,-7.357,8.51,27.28,-18.77,8.76,-0.25,12.36,31.13,-22.62,1,31.38,8.76
14_14,1.02509,1.79485,0.19399999999999998,0.047,0.084,0.78,-0.611,-7.891,17.74,21.21,-3.47,1.14,16.6,9.85,13.32,4.42,1,-3.28,4.42
7_18,1.28447,1.84893,-0.10300000000000001,0.092,0.135,0.447,-0.5579999999999999,-7.684,29.82,30.15,-0.33,19.66,10.16,17.63,17.96,11.86,1,7.8,19.66
7_1,1.30261,1.7362099999999998,-0.34299999999999997,0.083,0.099,0.42200000000000004,-0.562,-8.519,39.54,38.16,1.38,13.06,26.48,18.75,18.75,20.79,1,-7.73,20.79
15_9,1.32397,1.8471099999999998,-0.222,0.098,0.11800000000000001,0.7020000000000001,-0.654,-8.331,31.53,41.4,-9.86,1.01,30.52,19.61,29.47,2.06,1,-1.05,2.06
20_12,1.1901899999999999,1.8410400000000002,0.233,0.034,0.05,0.496,-0.606,-7.566,14.61,28.88,-14.27,8.36,6.25,11.25,25.52,-10.91,1,19.27,8.36
6_11,1.33594,1.7600200000000001,-0.19,0.114,0.16399999999999998,0.493,-0.518,-8.162,29.95,28.15,1.8,9.36,20.59,18.93,18.93,11.02,1,-1.66,11.02
2_10,1.2748,1.8623900000000002,-0.13,0.091,0.069,0.556,-0.613,-7.374,33.41,46.88,-13.47,14.32,19.09,10.62,24.09,9.32,1,5.0,14.32
9_1,1.29231,1.6580400000000002,-0.316,0.08900000000000001,0.11699999999999999,0.43,-0.546,-8.635,41.37,46.87,-5.5,4.78,36.59,19.83,25.34,16.03,1,-11.25,16.03
6_5,1.36828,1.7641799999999999,-0.17600000000000002,0.065,0.16,0.456,-0.518,-8.433,29.07,27.4,1.68,3.7,25.37,14.71,14.71,14.37,1,-10.66,14.37
4_19,1.32168,1.8068799999999998,-0.158,0.10400000000000001,0.128,0.912,-0.595,-7.572999999999999,28.6,31.6,-3.0,5.63,22.97,16.2,19.19,9.41,1,-3.78,9.41
5_19,1.31069,1.77676,-0.128,0.10300000000000001,0.151,0.5379999999999999,-0.544,-7.632999999999999,28.08,32.34,-4.25,11.44,16.64,17.82,22.07,6.01,1,5.43,11.44
15_18,1.2783,1.7939599999999998,-0.096,0.071,0.037000000000000005,0.6940000000000001,-0.67,-7.138999999999999,34.21,47.21,-13.0,8.75,25.46,12.23,25.24,8.97,1,-0.22,8.97
20_3,1.2075200000000001,1.85687,-0.08199999999999999,0.07400000000000001,0.027000000000000003,0.537,-0.616,-7.5139999999999985,32.34,46.85,-14.51,14.96,17.38,18.13,32.64,-0.3,1,15.26,14.96
4_10,1.31009,1.77427,-0.183,0.10300000000000001,0.114,0.9079999999999999,-0.595,-7.6960000000000015,34.5,35.18,-0.68,7.44,27.06,15.27,15.95,18.55,1,-11.11,18.55
21_6,1.2953,1.8501299999999998,-0.21600000000000005,0.052000000000000005,0.10400000000000001,0.518,-0.5710000000000001,-8.051,31.12,36.92,-5.81,7.43,23.69,16.35,22.15,8.96,1,-1.53,8.96
13_7,1.36065,1.82198,-0.253,0.099,0.129,0.823,-0.61,-8.502,36.22,34.38,1.83,-6.49,42.7,22.9,22.9,13.32,1,-19.8,13.32
14_21,1.30716,1.83125,-0.126,0.10099999999999999,0.12,0.831,-0.617,-7.685,35.47,34.98,0.49,7.55,27.91,14.84,14.84,20.63,1,-13.08,20.63
20_9,1.29114,1.8363200000000002,-0.21600000000000005,0.10800000000000001,0.145,0.563,-0.5770000000000001,-7.9179999999999975,33.41,38.39,-4.99,9.33,24.08,22.75,27.74,5.67,1,3.65,9.33
7_9,1.35743,1.8628,-0.228,0.111,0.196,0.466,-0.523,-9.061,35.84,27.84,8.0,-5.21,41.05,31.09,31.09,4.75,1,-9.96,4.75
9_15,1.28639,1.8599400000000001,0.086,0.068,0.11800000000000001,0.429,-0.551,-8.238999999999999,6.28,17.27,-10.99,7.22,-0.94,15.53,26.53,-20.25,1,27.47,7.22
19_21,1.24655,1.85722,-0.09699999999999999,0.094,0.113,0.551,-0.578,-7.662000000000001,34.67,42.77,-8.1,16.87,17.81,17.63,25.73,8.95,1,7.92,16.87
12_3,1.28528,1.8437700000000001,-0.113,0.08199999999999999,0.027000000000000003,0.818,-0.653,-7.609,31.41,35.97,-4.57,7.68,23.73,13.49,18.06,13.35,1,-5.67,13.35
19_17,1.21773,1.86238,-0.08900000000000001,0.08800000000000001,0.08800000000000001,0.545,-0.5870000000000001,-7.282999999999999,30.29,39.75,-9.46,19.0,11.29,12.09,21.55,8.73,1,10.27,19.0
6_20,1.28265,1.74344,-0.125,0.09699999999999999,0.128,0.494,-0.5329999999999999,-7.2120000000000015,27.74,28.61,-0.87,17.17,10.56,15.95,16.82,10.92,1,6.26,17.17
15_17,1.2744799999999998,1.81515,-0.09300000000000001,0.067,0.026000000000000002,0.693,-0.67,-7.005,32.67,47.05,-14.38,8.44,24.23,11.98,26.36,6.3,1,2.13,8.44
9_19,1.25945,1.84675,-0.08800000000000001,0.098,0.146,0.452,-0.545,-7.8260000000000005,29.57,34.81,-5.25,14.54,15.02,22.0,27.25,2.32,1,12.23,14.54
1_6,1.35103,1.74616,-0.24100000000000002,0.057999999999999996,0.099,0.348,-0.579,-7.985,29.08,41.0,-11.92,4.1,24.98,11.66,23.57,5.5,1,-1.4,5.5
15_10,1.25718,1.85648,-0.128,0.075,0.034,0.6920000000000001,-0.675,-7.17,34.7,49.96,-15.26,4.07,30.63,11.62,26.88,7.82,1,-3.76,7.82
21_3,1.20738,1.86244,-0.083,0.077,0.049,0.534,-0.602,-7.795,31.79,43.87,-12.08,14.68,17.11,19.58,31.66,0.13,1,14.55,14.68
17_10,1.24375,1.8706,-0.12300000000000001,0.09,0.077,0.545,-0.6,-7.407999999999999,34.46,45.59,-11.13,15.63,18.83,14.59,25.72,8.75,1,6.88,15.63
21_21,1.26735,1.8550799999999998,-0.09699999999999999,0.092,0.11599999999999999,0.55,-0.5820000000000001,-7.731,34.52,41.07,-6.55,15.21,19.3,18.54,25.09,9.43,1,5.79,15.21
6_12,1.27734,1.74757,0.19399999999999998,0.054000000000000006,0.125,0.442,-0.531,-8.19,15.42,17.04,-1.62,9.94,5.48,11.67,13.29,2.12,1,7.81,9.94
5_14,1.06556,1.65474,0.18899999999999997,0.055,0.136,0.485,-0.532,-8.03,16.69,17.38,-0.69,6.88,9.81,12.72,13.41,3.27,1,3.6,6.88
15_21,1.28102,1.8024099999999998,-0.1,0.076,0.06,0.695,-0.667,-7.38,36.55,49.18,-12.63,8.35,28.2,13.62,26.26,10.3,1,-1.95,10.3
11_19,1.28271,1.8605599999999998,-0.085,0.096,0.11900000000000001,0.48700000000000004,-0.575,-7.443,28.2,41.77,-13.57,10.03,18.17,15.51,29.08,-0.87,1,10.9,10.03
16_8,1.28649,1.8597400000000002,0.01,0.09,0.182,0.539,-0.5429999999999999,-8.772,33.37,35.87,-2.5,-1.27,34.64,19.95,22.45,10.91,1,-12.19,10.91
18_13,1.03654,1.7822200000000001,0.225,0.04,0.08199999999999999,0.5,-0.584,-7.922999999999999,16.56,26.54,-9.98,9.75,6.81,12.97,22.96,-6.4,1,16.15,9.75
11_14,1.03191,1.69035,0.235,0.047,0.10099999999999999,0.439,-0.563,-7.905,16.95,27.31,-10.37,6.51,10.44,11.45,21.82,-4.87,1,11.38,6.51
9_16,1.26748,1.84677,-0.076,0.094,0.145,0.45,-0.547,-7.653,29.48,35.12,-5.65,15.44,14.04,16.59,22.24,7.24,1,8.2,15.44
18_5,1.2556100000000001,1.84395,-0.136,0.049,0.1,0.52,-0.5760000000000001,-8.021,29.22,36.43,-7.22,6.99,22.22,15.14,22.35,6.86,1,0.13,6.99
22_21,1.29273,1.8619999999999999,-0.10099999999999999,0.11800000000000001,0.121,0.529,-0.604,-7.5760000000000005,32.15,39.3,-7.15,16.8,15.35,11.13,18.28,13.87,1,2.93,16.8
3_6,1.34284,1.8692799999999998,-0.20800000000000002,0.047,0.073,0.5479999999999999,-0.58,-7.854,30.44,33.1,-2.65,11.77,18.68,14.98,17.64,12.81,1,-1.04,12.81
16_9,1.31045,1.8579700000000001,-0.217,0.11199999999999999,0.149,0.565,-0.57,-8.579,33.71,37.57,-3.86,8.87,24.84,23.81,27.67,6.04,1,2.83,8.87
12_18,1.30073,1.8276400000000002,-0.121,0.096,0.087,0.8270000000000001,-0.642,-7.331,31.85,33.91,-2.06,9.06,22.79,9.82,11.88,19.98,1,-10.91,19.98
22_22,1.29091,1.86759,-0.11699999999999999,0.109,0.098,0.521,-0.575,-7.404,28.24,38.22,-9.98,14.38,13.87,8.66,18.64,9.6,1,4.78,14.38
12_21,1.30314,1.8338,-0.12300000000000001,0.1,0.107,0.83,-0.639,-7.5870000000000015,34.06,34.73,-0.67,6.71,27.36,11.65,12.32,21.75,1,-15.04,21.75
7_19,1.26769,1.86338,-0.11599999999999999,0.092,0.129,0.446,-0.5579999999999999,-7.76,29.85,29.18,0.67,19.34,10.51,22.12,22.12,7.74,1,11.61,19.34
17_22,1.2731,1.85408,-0.114,0.081,0.068,0.55,-0.575,-7.524,32.57,42.06,-9.49,15.23,17.34,13.26,22.75,9.82,1,5.41,15.23
11_2,1.26108,1.8731200000000001,-0.083,0.085,0.063,0.46799999999999997,-0.585,-7.8279999999999985,33.12,47.01,-13.89,8.51,24.61,10.59,24.48,8.64,1,-0.13,8.64
10_8,1.32362,1.8601299999999998,0.017,0.091,0.184,0.507,-0.557,-9.095,32.6,34.21,-1.62,-2.46,35.06,23.59,25.21,7.39,1,-9.85,7.39
20_17,1.26116,1.8504599999999998,-0.092,0.08199999999999999,0.065,0.545,-0.602,-7.182,30.88,42.28,-11.4,15.09,15.79,12.45,23.85,7.03,1,8.06,15.09
21_12,1.18832,1.8512,0.23199999999999998,0.037000000000000005,0.073,0.4920000000000001,-0.591,-7.867000000000001,14.59,25.6,-11.01,10.24,4.35,12.77,23.78,-9.19,1,19.43,10.24
8_14,1.09675,1.68838,0.188,0.075,0.166,0.586,-0.523,-8.089,16.48,11.62,4.86,8.51,7.96,14.33,14.33,2.14,1,6.37,8.51
19_6,1.25883,1.85939,-0.21600000000000005,0.053,0.09699999999999999,0.52,-0.5670000000000001,-7.9570000000000025,30.76,38.51,-7.75,3.1,27.66,12.16,19.91,10.84,1,-7.74,10.84
16_15,1.17903,1.87588,0.081,0.051,0.044000000000000004,0.521,-0.602,-7.422999999999999,8.0,25.37,-17.37,8.33,-0.33,13.03,30.4,-22.4,1,30.73,8.33
18_2,1.1907,1.8512099999999998,-0.09,0.07400000000000001,0.038,0.529,-0.603,-7.706,33.57,46.5,-12.93,12.19,21.38,12.79,25.72,7.85,1,4.34,12.19
21_20,1.26615,1.8506599999999997,-0.08900000000000001,0.083,0.078,0.54,-0.59,-6.978,28.95,39.33,-10.38,19.54,9.41,16.08,26.46,2.49,1,17.05,19.54
11_10,1.27342,1.87447,-0.111,0.09699999999999999,0.10099999999999999,0.483,-0.573,-7.5310000000000015,33.83,45.42,-11.58,12.19,21.64,13.91,25.49,8.35,1,3.85,12.19
8_7,1.36293,1.8032299999999999,-0.255,0.11800000000000001,0.19399999999999998,0.633,-0.511,-9.401,43.79,33.41,10.38,-4.8,48.59,35.67,35.67,8.12,1,-12.93,8.12
6_7,1.35807,1.76047,-0.252,0.10400000000000001,0.17600000000000002,0.47700000000000004,-0.518,-9.219,40.37,36.61,3.76,0.29,40.08,31.36,31.36,9.01,1,-8.72,9.01
4_18,1.3120399999999999,1.78214,-0.153,0.102,0.126,0.9109999999999999,-0.593,-7.6270000000000024,32.57,32.3,0.27,7.91,24.66,15.12,15.12,17.45,1,-9.55,17.45
10_22,1.27005,1.8713099999999998,-0.10300000000000001,0.085,0.081,0.516,-0.58,-7.459,29.46,40.55,-11.08,11.79,17.67,10.27,21.36,8.11,1,3.68,11.79
12_22,1.30033,1.83493,-0.13699999999999998,0.095,0.084,0.8240000000000001,-0.616,-7.4270000000000005,30.47,34.23,-3.76,4.66,25.81,9.75,13.51,16.97,1,-12.3,16.97
11_9,1.34707,1.84622,-0.204,0.11800000000000001,0.17,0.505,-0.541,-8.781,34.42,38.98,-4.56,3.23,31.19,24.71,29.27,5.15,1,-1.92,5.15
22_15,1.26851,1.87868,0.073,0.075,0.05,0.496,-0.608,-7.4110000000000005,9.06,23.73,-14.68,10.12,-1.07,11.82,26.5,-17.44,1,27.56,10.12
4_1,1.33285,1.61667,-0.39299999999999996,0.091,0.092,0.8809999999999999,-0.599,-8.501,41.14,42.48,-1.34,-7.88,49.03,15.0,16.34,24.8,1,-32.68,24.8
7_5,1.35111,1.8667200000000002,-0.157,0.053,0.147,0.42100000000000004,-0.54,-8.413,29.03,25.96,3.07,5.57,23.47,16.09,16.09,12.94,1,-7.37,12.94
1_2,1.26696,1.59646,-0.11699999999999999,0.083,0.042,0.355,-0.61,-7.705,32.33,50.61,-18.29,12.64,19.69,9.46,27.74,4.58,1,8.05,12.64
4_14,1.10168,1.6655099999999998,0.158,0.054000000000000006,0.114,0.865,-0.584,-8.024,18.04,17.29,0.75,1.26,16.77,11.41,11.41,6.63,1,-5.37,6.63
9_4,1.26423,1.8307099999999998,0.361,0.018000000000000002,0.149,0.385,-0.529,-8.623,21.64,23.86,-2.21,-7.81,29.46,13.29,15.51,6.14,1,-13.95,6.14
22_14,1.09289,1.76673,0.217,0.063,0.08800000000000001,0.47700000000000004,-0.595,-7.76,18.26,27.78,-9.51,10.8,7.47,9.68,19.19,-0.93,1,11.73,10.8
7_8,1.34142,1.8597599999999999,-0.006,0.08800000000000001,0.22899999999999998,0.441,-0.499,-9.603,34.78,25.5,9.27,-14.96,49.73,33.73,33.73,1.05,1,-16.01,1.05
7_14,1.01178,1.70383,0.209,0.045,0.131,0.39899999999999997,-0.5479999999999999,-8.025,16.48,15.69,0.8,14.56,1.92,14.3,14.3,2.18,1,12.39,14.56
1_7,1.33799,1.60546,-0.245,0.096,0.122,0.37,-0.581,-8.771,38.11,47.56,-9.45,2.76,35.35,22.02,31.47,6.65,1,-3.89,6.65
16_2,1.26261,1.8811400000000005,-0.08800000000000001,0.077,0.03,0.526,-0.617,-7.627999999999999,28.0,46.78,-18.78,7.06,20.94,7.02,25.81,2.19,1,4.87,7.06
20_20,1.2641799999999999,1.8444200000000002,-0.08800000000000001,0.08,0.055999999999999994,0.5429999999999999,-0.603,-6.836,29.33,41.72,-12.39,18.25,11.08,15.43,27.82,1.51,1,16.74,18.25
18_14,0.9991700000000001,1.7610599999999998,0.22399999999999998,0.04,0.083,0.5,-0.584,-7.8679999999999986,16.41,25.93,-9.52,9.45,6.95,14.07,23.59,-7.18,1,16.64,9.45
11_11,1.31025,1.85143,-0.151,0.107,0.128,0.493,-0.556,-7.9110000000000005,28.86,37.9,-9.04,8.28,20.59,14.62,23.66,5.21,1,3.07,8.28
22_5,1.35368,1.8687799999999999,-0.135,0.07,0.105,0.495,-0.589,-7.879,29.31,32.59,-3.28,8.3,21.0,11.2,14.48,14.82,1,-6.52,14.82
5_20,1.28262,1.75922,-0.124,0.096,0.12300000000000001,0.536,-0.5429999999999999,-7.183,27.53,31.17,-3.65,13.64,13.88,14.69,18.34,9.19,1,4.46,13.64
2_9,1.34543,1.8720700000000001,-0.223,0.11,0.147,0.574,-0.583,-8.592,31.9,38.37,-6.47,-4.07,35.98,20.28,26.74,5.16,1,-9.23,5.16
10_17,1.26558,1.8698,-0.081,0.085,0.08,0.516,-0.614,-7.23,30.88,40.17,-9.29,17.68,13.2,12.25,21.54,9.34,1,8.34,17.68
1_8,1.33053,1.59653,-0.01,0.09699999999999999,0.193,0.359,-0.542,-9.202,33.04,39.12,-6.08,-5.55,38.59,26.19,32.27,0.77,1,-6.32,0.77
14_22,1.27935,1.82045,-0.141,0.095,0.09,0.825,-0.6,-7.5760000000000005,31.48,33.46,-1.98,5.58,25.9,12.6,14.58,16.9,1,-11.32,16.9
16_20,1.27102,1.84831,-0.091,0.08199999999999999,0.063,0.544,-0.598,-6.894,29.35,40.5,-11.14,19.22,10.13,13.02,24.16,5.19,1,14.03,19.22
10_11,1.3050899999999999,1.8753799999999998,-0.158,0.1,0.10300000000000001,0.524,-0.595,-7.755,29.06,36.19,-7.13,12.85,16.21,13.32,20.45,8.61,1,4.24,12.85
2_12,1.23156,1.83285,0.225,0.033,0.042,0.507,-0.604,-7.647,15.73,31.23,-15.5,9.01,6.72,9.22,24.72,-8.99,1,18.0,9.01
13_11,1.33669,1.8142099999999999,-0.191,0.109,0.11699999999999999,0.831,-0.61,-7.84,27.97,29.5,-1.53,4.22,23.75,11.84,13.37,14.61,1,-10.38,14.61
14_15,1.26888,1.8139,0.043,0.067,0.057999999999999996,0.8009999999999999,-0.621,-7.704,8.16,15.15,-6.99,6.1,2.05,11.97,18.96,-10.8,1,16.9,6.1
6_10,1.3,1.76538,-0.154,0.10300000000000001,0.14,0.491,-0.5329999999999999,-7.78,34.17,36.31,-2.14,13.43,20.74,17.16,19.3,14.87,1,-1.43,14.87
10_13,1.10279,1.75187,0.23199999999999998,0.039,0.07200000000000001,0.47,-0.6,-7.824,16.92,26.16,-9.25,11.2,5.71,10.56,19.8,-2.89,1,14.09,11.2
3_22,1.27199,1.8688200000000001,-0.10800000000000001,0.084,0.064,0.5710000000000001,-0.5670000000000001,-7.422999999999999,29.61,39.02,-9.41,18.21,11.4,10.88,20.28,9.33,1,8.88,18.21
18_8,1.2317,1.8474,0.009000000000000001,0.09,0.187,0.539,-0.5379999999999999,-8.661,33.46,34.89,-1.44,-1.44,34.89,17.69,19.12,14.33,1,-15.77,14.33
8_21,1.30836,1.79682,-0.128,0.122,0.18100000000000002,0.636,-0.527,-8.131,32.04,28.02,4.02,12.4,19.64,21.79,21.79,10.25,1,2.15,12.4
22_13,1.16662,1.79273,0.218,0.063,0.086,0.47700000000000004,-0.595,-7.77,18.31,22.99,-4.68,16.26,2.05,9.62,14.3,4.01,1,12.25,16.26
5_15,1.32084,1.77292,0.034,0.076,0.10800000000000001,0.526,-0.54,-8.195,8.28,12.12,-3.84,9.01,-0.73,15.01,18.84,-10.56,1,19.57,9.01
12_10,1.29795,1.8196599999999998,-0.15,0.09699999999999999,0.07400000000000001,0.823,-0.643,-7.359,34.57,36.5,-1.93,9.13,25.44,10.19,12.12,22.45,1,-13.32,22.45
10_21,1.27348,1.86335,-0.08900000000000001,0.092,0.106,0.521,-0.607,-7.625,33.95,41.56,-7.61,16.8,17.15,13.83,21.44,12.51,1,4.29,16.8
7_3,1.2662799999999999,1.8712799999999998,-0.09699999999999999,0.078,0.087,0.436,-0.573,-8.07,32.21,34.2,-1.99,14.8,17.41,20.17,22.16,10.05,1,4.75,14.8
5_7,1.3586200000000002,1.7773599999999998,-0.252,0.10400000000000001,0.171,0.524,-0.527,-9.207,39.89,37.08,2.81,-2.57,42.46,29.43,29.43,10.47,1,-13.04,10.47
18_7,1.2614299999999998,1.8427200000000001,-0.225,0.09,0.121,0.546,-0.579,-8.592,38.0,42.78,-4.78,6.34,31.66,25.61,30.39,7.61,1,-1.27,7.61
2_20,1.26501,1.84938,-0.094,0.081,0.057,0.555,-0.607,-6.843,29.71,43.8,-14.09,17.05,12.66,11.68,25.77,3.94,1,13.11,17.05
5_13,1.13877,1.6777,0.19,0.055,0.134,0.486,-0.532,-8.105,16.77,18.25,-1.48,6.28,10.48,12.41,13.89,2.88,1,3.41,6.28
8_6,1.3794,1.80423,-0.255,0.086,0.17600000000000002,0.605,-0.516,-8.529,32.94,24.46,8.48,0.22,32.72,22.14,22.14,10.8,1,-10.58,10.8
12_19,1.2915299999999998,1.8400400000000001,-0.132,0.096,0.081,0.825,-0.643,-7.379,31.17,33.65,-2.47,8.8,22.38,12.55,15.02,16.15,1,-7.35,16.15
11_22,1.27091,1.8516700000000001,-0.10099999999999999,0.091,0.099,0.486,-0.5489999999999999,-7.6560000000000015,32.26,43.38,-11.12,10.53,21.73,13.93,25.05,7.21,1,3.32,10.53
11_3,1.2551700000000001,1.86175,-0.07,0.083,0.062,0.474,-0.586,-7.822,31.52,44.63,-13.11,10.91,20.61,17.12,30.22,1.3,1,9.61,10.91
2_16,1.27168,1.8669,-0.096,0.08900000000000001,0.07400000000000001,0.555,-0.615,-7.246,29.48,45.64,-16.16,12.79,16.69,9.92,26.08,3.4,1,9.39,12.79
1_14,1.07891,1.6387599999999998,0.201,0.045,0.083,0.32299999999999995,-0.589,-7.8329999999999975,17.46,31.92,-14.46,9.76,7.7,11.41,25.86,-8.4,1,18.16,9.76
9_3,1.2545600000000001,1.8530200000000001,-0.069,0.086,0.107,0.442,-0.5589999999999999,-8.182,30.82,39.09,-8.27,10.99,19.84,19.55,27.82,3.01,1,7.98,10.99
19_14,0.88726,1.7488299999999999,0.226,0.045,0.086,0.4970000000000001,-0.583,-7.8039999999999985,18.49,28.22,-9.74,11.09,7.4,14.96,24.69,-6.2,1,17.29,11.09
5_4,1.2900399999999999,1.7479099999999999,0.316,0.022000000000000002,0.136,0.456,-0.527,-8.517000000000001,20.21,20.15,0.06,-5.95,26.16,10.98,10.98,9.23,1,-15.19,9.23
12_15,1.29358,1.8308099999999998,0.048,0.061,0.038,0.8,-0.642,-7.535,8.87,18.05,-9.18,6.09,2.78,10.16,19.34,-10.47,1,16.56,6.09
18_21,1.25758,1.85112,-0.099,0.091,0.10800000000000001,0.552,-0.586,-7.654,33.66,40.63,-6.97,14.97,18.69,16.81,23.78,9.88,1,5.09,14.97
11_21,1.27896,1.85107,-0.084,0.099,0.132,0.49,-0.5670000000000001,-7.754,33.28,43.52,-10.24,12.49,20.79,15.58,25.82,7.46,1,5.02,12.49
4_17,1.3090899999999999,1.8029700000000002,-0.15,0.099,0.11800000000000001,0.909,-0.595,-7.465,28.97,31.12,-2.15,7.4,21.57,12.46,14.61,14.36,1,-6.96,14.36
1_9,1.34982,1.58684,-0.23600000000000002,0.11800000000000001,0.156,0.387,-0.5660000000000001,-8.693,34.13,42.17,-8.04,-1.45,35.57,22.88,30.92,3.21,1,-4.65,3.21
3_1,1.2927,1.7991099999999998,-0.331,0.075,0.03,0.5489999999999999,-0.603,-7.962999999999999,35.24,50.48,-15.24,8.04,27.2,10.38,25.62,9.62,1,-1.58,9.62
5_11,1.33626,1.77852,-0.19,0.114,0.159,0.537,-0.527,-8.138,29.85,29.32,0.53,8.28,21.57,17.78,17.78,12.07,1,-3.79,12.07
8_17,1.30007,1.79899,-0.121,0.11800000000000001,0.162,0.629,-0.536,-7.682,28.65,25.83,2.82,16.15,12.5,18.15,18.15,10.5,1,5.65,16.15
15_11,1.29187,1.85063,-0.168,0.087,0.065,0.6990000000000001,-0.66,-7.54,28.65,42.16,-13.51,3.44,25.21,13.63,27.14,1.51,1,1.93,3.44
6_8,1.35521,1.75774,-0.02,0.098,0.24100000000000002,0.469,-0.48100000000000004,-9.617,36.51,28.94,7.57,-8.01,44.51,33.08,33.08,3.43,1,-11.43,3.43
2_21,1.27957,1.8577099999999998,-0.102,0.094,0.102,0.561,-0.608,-7.6179999999999986,31.43,44.78,-13.35,12.31,19.12,11.46,24.8,6.62,1,5.68,12.31
7_13,1.09702,1.7428,0.21100000000000002,0.044000000000000004,0.128,0.39899999999999997,-0.5479999999999999,-8.08,16.73,16.12,0.62,14.07,2.66,14.01,14.01,2.72,1,11.35,14.07
20_10,1.23001,1.8577700000000001,-0.122,0.08900000000000001,0.069,0.545,-0.605,-7.318,35.07,46.59,-11.52,16.45,18.63,14.37,25.9,9.18,1,7.27,16.45
22_4,1.27273,1.87346,0.34299999999999997,0.027000000000000003,0.085,0.456,-0.589,-7.94,21.57,25.33,-3.76,-0.67,22.24,8.52,12.27,9.3,1,-9.96,9.3
3_20,1.26486,1.85643,-0.085,0.08199999999999999,0.054000000000000006,0.5720000000000001,-0.603,-6.834,27.92,41.5,-13.58,18.46,9.46,12.49,26.07,1.85,1,16.61,18.46
19_15,1.11553,1.87668,0.081,0.052000000000000005,0.05,0.519,-0.588,-7.4570000000000025,7.69,24.6,-16.92,7.09,0.59,12.04,28.96,-21.27,1,28.36,7.09
14_3,1.28919,1.8204200000000001,-0.11699999999999999,0.085,0.044000000000000004,0.818,-0.632,-7.75,30.42,36.21,-5.79,5.87,24.55,13.71,19.5,10.92,1,-5.05,10.92
14_5,1.36832,1.8090000000000002,-0.168,0.057999999999999996,0.10300000000000001,0.799,-0.606,-8.08,25.44,27.37,-1.92,-2.62,28.07,9.38,11.3,14.14,1,-16.76,14.14
10_12,1.23079,1.8698299999999999,0.239,0.034,0.055,0.465,-0.611,-7.697,15.43,27.21,-11.78,10.72,4.71,9.22,21.0,-5.57,1,16.29,10.72
13_3,1.28882,1.8246099999999998,-0.11699999999999999,0.084,0.042,0.8190000000000001,-0.633,-7.725,30.32,36.65,-6.33,5.53,24.79,13.79,20.12,10.2,1,-4.67,10.2
9_11,1.3124200000000001,1.84677,-0.14800000000000002,0.11,0.165,0.462,-0.526,-8.219,28.71,31.56,-2.85,9.17,19.54,19.54,22.39,6.32,1,2.85,9.17
11_20,1.26475,1.8419599999999998,-0.07200000000000001,0.09,0.098,0.48100000000000004,-0.578,-6.956,26.79,40.34,-13.55,12.84,13.95,12.02,25.57,1.23,1,11.62,12.84
1_3,1.26064,1.6880400000000002,-0.10300000000000001,0.081,0.040999999999999995,0.36,-0.612,-7.706,30.91,48.93,-18.02,14.86,16.05,14.73,32.75,-1.84,1,16.7,14.86
15_16,1.27231,1.82495,-0.094,0.068,0.026000000000000002,0.693,-0.669,-7.022,33.52,47.91,-14.39,8.71,24.8,11.82,26.22,7.3,1,1.41,8.71
10_3,1.25116,1.88317,-0.075,0.07400000000000001,0.033,0.507,-0.624,-7.642,31.81,43.62,-11.81,12.91,18.9,16.05,27.85,3.96,1,8.95,12.91
2_2,1.2642799999999998,1.71775,-0.102,0.078,0.027000000000000003,0.54,-0.624,-7.609,32.16,48.61,-16.45,11.18,20.98,9.31,25.76,6.4,1,4.78,11.18
4_6,1.3861299999999999,1.8006,-0.28800000000000003,0.067,0.131,0.888,-0.579,-8.281,29.67,27.88,1.79,-5.49,35.16,14.19,14.19,15.49,1,-20.98,15.49
2_7,1.33371,1.86615,-0.23,0.091,0.109,0.557,-0.596,-8.668,35.08,45.19,-10.11,-1.83,36.91,20.55,30.66,4.42,1,-6.25,4.42
6_3,1.28731,1.75275,-0.122,0.09300000000000001,0.106,0.499,-0.54,-8.141,32.34,33.55,-1.21,13.71,18.63,19.0,20.21,12.12,1,1.58,13.71
13_5,1.36768,1.81256,-0.16699999999999998,0.057,0.10099999999999999,0.8,-0.607,-8.058,25.38,27.99,-2.61,-3.24,28.61,8.97,11.58,13.8,1,-17.03,13.8
20_21,1.26473,1.84884,-0.09699999999999999,0.09,0.096,0.552,-0.596,-7.516,34.38,42.69,-8.31,17.02,17.36,15.38,23.69,10.69,1,6.33,17.02
15_15,1.19376,1.86041,0.07400000000000001,0.035,-0.001,0.674,-0.675,-7.228,10.96,33.15,-22.19,5.68,5.28,10.37,32.55,-21.6,1,27.28,5.68
6_21,1.30548,1.75446,-0.127,0.106,0.16399999999999998,0.494,-0.528,-7.985,34.04,33.07,0.97,14.84,19.2,20.22,20.22,13.82,1,1.02,14.84
7_10,1.28393,1.86608,-0.136,0.091,0.126,0.444,-0.5589999999999999,-7.7429999999999986,34.82,33.45,1.37,19.81,15.02,19.91,19.91,14.92,1,4.89,19.81
20_2,1.2151399999999999,1.8514,-0.08800000000000001,0.07200000000000001,0.024,0.53,-0.613,-7.513,33.63,48.06,-14.43,15.56,18.07,12.17,26.6,7.03,1,8.53,15.56
15_4,1.21631,1.8338,0.34,-0.015,0.025,0.628,-0.659,-7.763,15.87,29.54,-13.68,-1.49,17.35,10.18,23.86,-7.99,1,6.51,-1.49
10_19,1.2793,1.8768099999999999,-0.091,0.08900000000000001,0.094,0.519,-0.614,-7.316,27.35,40.24,-12.89,10.46,16.89,12.22,25.11,2.24,1,8.22,10.46
1_10,1.27834,1.7191299999999998,-0.14400000000000002,0.096,0.08199999999999999,0.368,-0.598,-7.445,33.75,50.07,-16.31,14.58,19.18,11.47,27.79,5.97,1,8.61,14.58
13_10,1.30124,1.81063,-0.153,0.099,0.086,0.8240000000000001,-0.623,-7.449,32.91,37.05,-4.13,6.42,26.49,10.15,14.28,18.63,1,-12.21,18.63
13_19,1.31423,1.82597,-0.129,0.098,0.105,0.8290000000000001,-0.624,-7.354,27.91,34.02,-6.11,6.35,21.56,10.49,16.6,11.31,1,-4.96,11.31
9_8,1.33715,1.85025,0.017,0.095,0.24,0.452,-0.48200000000000004,-9.681000000000001,35.9,31.44,4.46,-8.6,44.49,34.76,34.76,1.14,1,-9.74,1.14
15_13,1.16203,1.69313,0.221,0.021,0.021,0.647,-0.662,-7.465,15.58,30.07,-14.49,3.74,11.84,13.38,27.87,-12.29,1,16.03,3.74
21_2,1.21305,1.8601900000000002,-0.08900000000000001,0.075,0.046,0.527,-0.598,-7.8020000000000005,33.5,45.43,-11.93,12.72,20.78,13.17,25.1,8.4,1,4.32,12.72
20_19,1.2845799999999998,1.85441,-0.105,0.086,0.073,0.546,-0.6,-7.343,31.15,42.09,-10.94,14.5,16.65,13.94,24.88,6.27,1,8.23,14.5
13_20,1.29593,1.83388,-0.11599999999999999,0.092,0.08,0.825,-0.625,-6.8729999999999976,27.87,32.26,-4.39,10.39,17.48,10.71,15.1,12.77,1,-2.38,12.77
9_5,1.34427,1.85057,-0.136,0.061,0.163,0.429,-0.526,-8.502,28.6,31.32,-2.72,2.25,26.34,16.27,18.99,9.6,1,-7.35,9.6
22_17,1.28606,1.8667799999999999,-0.095,0.11,0.099,0.521,-0.612,-7.189,28.17,37.8,-9.63,17.96,10.21,9.02,18.66,9.51,1,8.45,17.96
4_21,1.3162200000000002,1.80108,-0.156,0.107,0.141,0.915,-0.589,-7.901,33.59,33.51,0.08,5.39,28.21,16.97,16.97,16.62,1,-11.24,16.62
3_9,1.34378,1.87368,-0.218,0.107,0.138,0.5920000000000001,-0.5710000000000001,-8.552,33.03,29.18,3.85,9.84,23.2,23.71,23.71,9.33,1,0.51,9.84
14_10,1.30158,1.8073299999999999,-0.153,0.099,0.08800000000000001,0.8240000000000001,-0.622,-7.4689999999999985,33.14,37.65,-4.5,6.25,26.9,10.52,15.02,18.12,1,-11.87,18.12
2_5,1.33863,1.87588,-0.14,0.049,0.087,0.53,-0.593,-7.95,26.36,37.09,-10.73,2.68,23.69,10.58,21.31,5.05,1,-2.37,5.05
14_9,1.3707200000000002,1.8079,-0.24100000000000002,0.121,0.165,0.838,-0.599,-8.436,32.67,30.2,2.47,-2.93,35.6,23.64,23.64,9.03,1,-11.96,9.03
11_16,1.26968,1.85732,-0.077,0.094,0.107,0.483,-0.575,-7.3770000000000024,29.97,42.52,-12.55,12.5,17.48,12.39,24.94,5.03,1,7.46,12.5
10_14,1.05306,1.70566,0.231,0.039,0.073,0.47,-0.6,-7.771,16.96,25.87,-8.91,9.89,7.08,10.8,19.71,-2.74,1,12.63,9.89
3_5,1.33549,1.8789099999999999,-0.13,0.045,0.076,0.546,-0.58,-7.9110000000000005,28.47,27.74,0.72,14.91,13.55,14.76,14.76,13.71,1,1.21,14.91
20_6,1.29538,1.84265,-0.21100000000000002,0.049,0.083,0.521,-0.5870000000000001,-7.7079999999999975,29.39,38.69,-9.29,5.2,24.19,13.92,23.21,6.18,1,-0.98,6.18
16_5,1.3025799999999998,1.8638099999999997,-0.134,0.049,0.094,0.52,-0.581,-7.962999999999999,28.97,36.93,-7.96,7.55,21.42,14.54,22.5,6.47,1,1.08,7.55
11_13,1.1188200000000001,1.72079,0.23600000000000002,0.047,0.099,0.439,-0.563,-7.944,16.84,27.68,-10.84,6.62,10.22,10.92,21.76,-4.92,1,11.54,6.62
18_17,1.24928,1.8519999999999999,-0.094,0.084,0.079,0.545,-0.593,-7.289,30.5,40.36,-9.86,15.72,14.78,12.09,21.95,8.55,1,7.17,15.72
6_16,1.29821,1.7541799999999999,-0.122,0.10300000000000001,0.142,0.4970000000000001,-0.532,-7.593,29.54,31.45,-1.91,15.06,14.48,14.47,16.38,13.16,1,1.91,15.06
3_8,1.32524,1.8707900000000002,0.011000000000000001,0.08800000000000001,0.17300000000000001,0.561,-0.545,-9.048,32.6,27.15,5.46,-7.03,39.64,25.76,25.76,6.84,1,-13.87,6.84
8_5,1.37313,1.80292,-0.174,0.085,0.18,0.604,-0.515,-8.613,30.41,22.82,7.59,-0.82,31.23,19.7,19.7,10.71,1,-11.53,10.71
1_4,1.26271,1.59794,0.325,0.01,0.08199999999999999,0.3,-0.583,-8.12,20.97,34.72,-13.75,-7.48,28.45,10.51,24.26,-3.29,1,-4.19,-3.29
17_15,1.18255,1.87031,0.081,0.05,0.045,0.521,-0.602,-7.442,8.52,23.23,-14.72,7.89,0.63,13.24,27.96,-19.44,1,27.33,7.89
21_13,1.0242,1.81482,0.226,0.040999999999999995,0.09,0.4970000000000001,-0.58,-7.972,16.07,25.29,-9.22,8.96,7.11,13.9,23.12,-7.06,1,16.01,8.96
19_9,1.2523600000000001,1.8476700000000001,-0.218,0.11699999999999999,0.162,0.5710000000000001,-0.5479999999999999,-8.631,32.52,37.78,-5.26,7.37,25.14,23.49,28.75,3.76,1,3.61,7.37
12_5,1.3636700000000002,1.8267200000000001,-0.16399999999999998,0.055,0.08800000000000001,0.7979999999999999,-0.627,-7.954,26.43,25.14,1.29,0.34,26.09,9.61,9.61,16.82,1,-16.49,16.82
18_20,1.2573,1.8447200000000001,-0.09,0.08199999999999999,0.07,0.5429999999999999,-0.594,-6.916,29.08,39.41,-10.34,19.45,9.63,13.1,23.44,5.63,1,13.81,19.45
10_16,1.2651299999999999,1.8748,-0.083,0.087,0.08,0.516,-0.613,-7.256,29.9,41.27,-11.37,15.8,14.1,11.27,22.64,7.26,1,8.54,15.8
1_17,1.27475,1.8620900000000002,-0.109,0.091,0.087,0.3670000000000001,-0.6,-7.274,30.95,45.49,-14.55,17.25,13.7,12.94,27.48,3.46,1,13.78,17.25
17_8,1.28136,1.85453,0.01,0.08900000000000001,0.182,0.5379999999999999,-0.5429999999999999,-8.711,33.25,35.23,-1.98,-2.9,36.15,28.2,30.18,3.07,1,-5.97,3.07
17_5,1.30209,1.8577599999999999,-0.134,0.048,0.094,0.52,-0.581,-7.981,28.27,36.5,-8.23,6.75,21.52,14.65,22.88,5.39,1,1.36,6.75
17_1,1.2579200000000001,1.8748,-0.33,0.076,0.05,0.522,-0.603,-8.062000000000001,36.92,48.53,-11.62,10.33,26.58,10.9,22.51,14.4,1,-4.07,14.4
5_5,1.36839,1.7838599999999998,-0.17600000000000002,0.064,0.154,0.501,-0.527,-8.408,28.64,27.84,0.8,0.69,27.95,14.33,14.33,14.31,1,-13.62,14.31
5_8,1.3553600000000001,1.7758099999999999,-0.02,0.098,0.237,0.515,-0.489,-9.62,36.37,30.86,5.51,-7.9,44.27,32.67,32.67,3.7,1,-11.59,3.7
4_3,1.29742,1.81112,-0.15,0.09,0.073,0.9009999999999999,-0.606,-8.017000000000001,31.74,35.34,-3.6,5.22,26.52,16.74,20.35,11.39,1,-6.17,11.39
11_4,1.2589700000000001,1.86827,0.36,0.011000000000000001,0.1,0.418,-0.557,-8.229,20.71,30.18,-9.47,-6.58,27.3,10.09,19.56,1.16,1,-7.74,1.16
16_21,1.27554,1.8549799999999999,-0.098,0.092,0.105,0.5529999999999999,-0.59,-7.607,34.52,42.14,-7.63,15.3,19.21,15.95,23.58,10.93,1,4.37,15.3
17_21,1.2748899999999999,1.85382,-0.098,0.091,0.10400000000000001,0.5529999999999999,-0.59,-7.622000000000001,34.64,42.43,-7.79,15.0,19.65,16.55,24.35,10.3,1,4.7,15.0
11_1,1.29207,1.6844599999999998,-0.317,0.084,0.076,0.461,-0.5760000000000001,-8.249,37.13,49.34,-12.21,4.21,32.92,12.47,24.68,12.45,1,-8.25,12.45
21_5,1.28721,1.85155,-0.136,0.05,0.10800000000000001,0.517,-0.5710000000000001,-8.115,29.57,35.97,-6.4,7.72,21.85,15.85,22.25,7.31,1,0.4,7.72
20_7,1.2871,1.8420900000000002,-0.223,0.08800000000000001,0.10800000000000001,0.544,-0.591,-7.875,37.16,43.88,-6.72,7.47,29.69,23.1,29.82,7.34,1,0.13,7.47
6_2,1.29244,1.7613299999999998,-0.133,0.094,0.10800000000000001,0.486,-0.541,-8.152999999999999,33.75,35.32,-1.57,14.88,18.87,13.39,14.96,18.79,1,-3.91,18.79
12_11,1.33333,1.8343,-0.18899999999999997,0.107,0.105,0.8290000000000001,-0.63,-7.752999999999999,29.02,28.6,0.42,6.27,22.75,11.98,11.98,17.04,1,-10.78,17.04
7_16,1.28021,1.8651200000000001,-0.10099999999999999,0.09,0.128,0.444,-0.56,-7.561,30.26,30.19,0.07,20.05,10.21,17.77,17.77,12.49,1,7.55,20.05
20_13,1.0581200000000002,1.80405,0.22699999999999998,0.037000000000000005,0.067,0.5,-0.595,-7.694,16.88,28.01,-11.13,9.24,7.65,12.18,23.31,-6.43,1,15.66,9.24
21_4,1.2084700000000002,1.8512099999999998,0.349,0.006,0.08900000000000001,0.47600000000000003,-0.573,-8.196,19.57,26.11,-6.54,-5.04,24.62,12.43,18.97,0.6,1,-5.65,0.6
11_12,1.24231,1.8348799999999998,0.243,0.043,0.083,0.433,-0.575,-7.879,15.45,28.44,-12.99,6.31,9.14,10.2,23.19,-7.74,1,14.05,6.31
12_4,1.28055,1.7699599999999998,0.324,0.005,0.063,0.758,-0.625,-8.04,18.62,18.75,-0.13,-1.72,20.35,8.2,8.33,10.3,1,-12.02,10.3
4_22,1.31025,1.7983799999999999,-0.172,0.099,0.11800000000000001,0.9079999999999999,-0.5710000000000001,-7.763,32.43,33.07,-0.64,2.18,30.25,14.58,15.22,17.21,1,-15.03,17.21
17_6,1.3130899999999999,1.85417,-0.213,0.05,0.091,0.521,-0.581,-7.9220000000000015,30.07,38.24,-8.17,6.62,23.44,14.99,23.16,6.9,1,-0.28,6.9
18_18,1.25435,1.84283,-0.094,0.08900000000000001,0.09300000000000001,0.5489999999999999,-0.5920000000000001,-7.4060000000000015,32.48,41.5,-9.01,14.98,17.51,13.92,22.93,9.55,1,5.43,14.98
5_3,1.2869700000000002,1.77413,-0.121,0.092,0.099,0.5379999999999999,-0.551,-8.103,32.35,35.18,-2.83,11.21,21.14,18.1,20.93,11.42,1,-0.21,11.42
16_16,1.26901,1.86255,-0.094,0.086,0.07400000000000001,0.546,-0.596,-7.257999999999999,31.53,41.92,-10.39,15.49,16.04,12.67,23.06,8.47,1,7.02,15.49
4_12,1.2656100000000001,1.77889,0.165,0.049,0.094,0.8590000000000001,-0.593,-8.107999999999999,14.82,16.91,-2.09,0.57,14.26,10.14,12.23,2.6,1,-2.03,2.6
1_21,1.2826,1.8610900000000001,-0.11699999999999999,0.098,0.114,0.373,-0.591,-7.678,34.86,47.56,-12.7,15.7,19.15,14.71,27.41,7.44,1,8.26,15.7
16_12,1.19432,1.8620400000000001,0.23199999999999998,0.036000000000000004,0.057999999999999996,0.496,-0.6,-7.711,15.25,28.04,-12.78,10.41,4.84,12.17,24.95,-9.7,1,20.11,10.41
1_16,1.27409,1.8626200000000002,-0.11,0.09300000000000001,0.087,0.3670000000000001,-0.599,-7.301,31.3,46.87,-15.58,17.64,13.65,12.02,27.6,3.69,1,13.95,17.64
13_15,1.22071,1.81657,0.042,0.069,0.057999999999999996,0.8009999999999999,-0.622,-7.803,8.26,15.49,-7.23,5.81,2.45,11.74,18.96,-10.7,1,16.51,5.81
13_9,1.37043,1.8116400000000001,-0.24100000000000002,0.12,0.16399999999999998,0.838,-0.6,-8.543,32.59,30.37,2.23,-2.38,34.97,22.82,22.82,9.77,1,-12.15,9.77
4_16,1.30851,1.8046200000000001,-0.151,0.1,0.11800000000000001,0.909,-0.595,-7.5,30.12,31.88,-1.76,7.64,22.48,13.11,14.88,15.24,1,-7.6,15.24
8_12,1.27423,1.79646,0.195,0.07200000000000001,0.15,0.58,-0.534,-8.371,15.97,13.58,2.39,11.16,4.81,13.61,13.61,2.36,1,8.8,11.16
2_17,1.2722799999999999,1.86215,-0.095,0.087,0.07400000000000001,0.555,-0.615,-7.22,28.57,44.46,-15.89,12.77,15.8,10.21,26.1,2.47,1,10.3,12.77
3_10,1.27425,1.8810900000000002,-0.126,0.08800000000000001,0.057999999999999996,0.574,-0.599,-7.34,35.31,41.21,-5.9,20.93,14.38,14.28,20.18,15.12,1,5.81,20.93
13_14,1.0124799999999998,1.7825900000000001,0.19399999999999998,0.047,0.08199999999999999,0.78,-0.612,-7.882999999999999,16.85,21.87,-5.02,2.35,14.5,8.71,13.73,3.13,1,-0.77,3.13
18_10,1.2043700000000002,1.86313,-0.124,0.09,0.081,0.545,-0.595,-7.435,34.96,45.33,-10.37,16.6,18.36,15.24,25.62,9.34,1,7.26,16.6
9_22,1.27356,1.84315,-0.099,0.091,0.141,0.456,-0.52,-7.9110000000000005,30.93,36.46,-5.53,12.49,18.44,16.27,21.8,9.12,1,3.36,12.49
3_4,1.25435,1.8661900000000002,0.35,-0.001,0.055,0.506,-0.579,-7.974,20.77,28.68,-7.91,0.13,20.64,11.75,19.67,1.1,1,-0.98,1.1
22_6,1.3608200000000001,1.86208,-0.212,0.07200000000000001,0.10300000000000001,0.496,-0.589,-7.827000000000001,31.02,34.12,-3.11,8.72,22.29,11.58,14.69,16.33,1,-7.61,16.33
17_9,1.3087600000000001,1.85208,-0.21600000000000005,0.111,0.149,0.565,-0.57,-8.567,33.86,37.56,-3.7,8.8,25.05,24.1,27.81,6.05,1,2.76,8.8
15_19,1.28521,1.83457,-0.106,0.07200000000000001,0.036000000000000004,0.693,-0.667,-7.142,31.19,45.58,-14.38,7.06,24.13,12.77,27.15,4.04,1,3.02,7.06
12_13,1.1207,1.74413,0.19699999999999998,0.043,0.065,0.779,-0.631,-7.835,16.03,17.54,-1.51,4.38,11.65,8.11,9.62,6.41,1,-2.04,6.41
4_4,1.29988,1.62478,0.285,0.018000000000000002,0.114,0.8420000000000001,-0.5770000000000001,-8.486,20.01,18.16,1.85,-9.18,29.19,10.97,10.97,9.04,1,-18.22,9.04
20_11,1.2575399999999999,1.8439900000000002,-0.163,0.099,0.09699999999999999,0.5539999999999999,-0.588,-7.633999999999999,29.35,38.67,-9.32,11.3,18.05,15.49,24.8,4.54,1,6.76,11.3
22_8,1.3401,1.8652400000000002,0.008,0.109,0.19399999999999998,0.516,-0.5479999999999999,-8.943999999999997,33.42,31.25,2.17,-2.63,36.04,26.93,26.93,6.49,1,-9.11,6.49
12_17,1.2973700000000001,1.83795,-0.11699999999999999,0.092,0.077,0.825,-0.644,-7.181,31.09,33.05,-1.96,9.84,21.25,11.17,13.14,17.96,1,-8.12,17.96
12_9,1.36703,1.8284900000000002,-0.24,0.11900000000000001,0.154,0.836,-0.62,-8.645,33.52,29.35,4.16,-2.98,36.5,15.07,15.07,18.45,1,-21.43,18.45
21_17,1.2626700000000002,1.8560900000000002,-0.092,0.085,0.087,0.542,-0.588,-7.354,30.35,39.79,-9.44,17.76,12.59,17.23,26.66,3.69,1,14.08,17.76
7_20,1.27531,1.85415,-0.096,0.084,0.122,0.442,-0.564,-7.1,25.49,31.18,-5.69,18.26,7.23,15.84,21.53,3.97,1,14.3,18.26
3_21,1.2768899999999999,1.8618599999999998,-0.096,0.091,0.091,0.579,-0.595,-7.596,34.81,39.54,-4.74,20.97,13.84,16.75,21.49,13.32,1,7.65,20.97
17_2,1.26257,1.8757700000000002,-0.08800000000000001,0.076,0.03,0.526,-0.618,-7.65,28.22,46.43,-18.21,7.46,20.76,7.43,25.64,2.58,1,4.88,7.46
2_14,1.05377,1.6701099999999998,0.217,0.038,0.062,0.512,-0.5920000000000001,-7.769,17.1,30.83,-13.73,6.67,10.43,10.99,24.72,-7.62,1,14.29,6.67
9_21,1.28035,1.8424,-0.08199999999999999,0.10099999999999999,0.16699999999999998,0.45799999999999996,-0.539,-8.036,32.47,36.63,-4.17,13.73,18.73,20.47,24.64,7.83,1,5.91,13.73
15_12,1.2615100000000001,1.8422,0.23,0.015,0.0,0.644,-0.669,-7.372000000000001,13.8,30.58,-16.78,3.0,10.8,9.22,26.01,-12.21,1,15.21,3.0
2_8,1.32712,1.86598,0.006,0.092,0.18100000000000002,0.545,-0.557,-9.091000000000001,32.02,35.99,-3.97,-2.29,34.31,24.51,28.48,3.54,1,-5.82,3.54
11_5,1.3404,1.85602,-0.13,0.057,0.11800000000000001,0.461,-0.555,-8.14,27.94,36.75,-8.82,0.83,27.11,12.66,21.48,6.46,1,-5.63,6.46
3_16,1.2691700000000001,1.8724,-0.08900000000000001,0.086,0.063,0.573,-0.601,-7.225,30.31,43.0,-12.68,17.95,12.37,12.58,25.27,5.05,1,12.9,17.95
5_2,1.29239,1.7733700000000001,-0.132,0.09300000000000001,0.102,0.526,-0.552,-8.113,33.0,37.31,-4.31,9.61,23.38,10.81,15.12,17.88,1,-8.26,17.88
13_13,1.09279,1.80287,0.195,0.047,0.08,0.78,-0.612,-7.9060000000000015,18.1,21.48,-3.38,4.41,13.68,9.3,12.68,5.41,1,-1.0,5.41
22_9,1.35895,1.86243,-0.222,0.131,0.158,0.544,-0.5770000000000001,-8.504,35.28,33.3,1.98,8.04,27.24,24.56,24.56,10.72,1,-2.69,10.72
15_14,1.10354,1.6589,0.21899999999999997,0.021,0.022000000000000002,0.647,-0.6609999999999999,-7.483,14.81,30.07,-15.27,2.82,11.99,10.54,25.81,-11.0,1,13.82,2.82
21_22,1.26362,1.85339,-0.115,0.083,0.08199999999999999,0.547,-0.565,-7.627999999999999,32.11,40.03,-7.92,16.09,16.02,13.6,21.52,10.6,1,5.49,16.09
21_14,0.9779700000000001,1.7990700000000002,0.225,0.040999999999999995,0.091,0.4970000000000001,-0.58,-7.907999999999999,15.73,25.04,-9.31,8.84,6.89,13.73,23.04,-7.31,1,16.15,8.84
22_16,1.2855299999999998,1.8702599999999998,-0.096,0.111,0.098,0.521,-0.611,-7.212999999999999,28.92,38.97,-10.05,17.39,11.53,8.85,18.9,10.02,1,7.37,17.39
10_4,1.25136,1.81732,0.35600000000000004,0.002,0.071,0.449,-0.594,-8.037,20.82,27.67,-6.86,-1.57,22.39,9.48,16.33,4.48,1,-6.05,4.48
11_17,1.27035,1.8543,-0.076,0.09300000000000001,0.107,0.483,-0.5760000000000001,-7.348,28.94,41.65,-12.71,12.05,16.89,12.35,25.06,3.88,1,8.17,12.05
18_3,1.1810399999999999,1.85753,-0.084,0.076,0.040999999999999995,0.537,-0.607,-7.697,32.17,45.39,-13.22,14.59,17.58,19.37,32.59,-0.42,1,15.01,14.59
15_22,1.27597,1.8137400000000001,-0.114,0.068,0.027999999999999997,0.6970000000000001,-0.655,-7.272,33.61,48.13,-14.52,5.31,28.3,12.03,26.56,7.05,1,-1.74,7.05
8_2,1.29401,1.77855,-0.134,0.113,0.127,0.614,-0.5479999999999999,-8.302999999999999,34.73,32.88,1.85,13.38,21.35,17.56,17.56,17.17,1,-3.8,17.17
21_15,1.16889,1.8644,0.08,0.052000000000000005,0.059000000000000004,0.517,-0.593,-7.572999999999999,8.26,25.25,-16.99,8.4,-0.14,13.31,30.3,-22.03,1,30.43,8.4
5_17,1.2928899999999999,1.7682900000000001,-0.125,0.09699999999999999,0.133,0.536,-0.542,-7.585,29.87,31.99,-2.12,13.68,16.19,14.9,17.02,12.85,1,0.83,13.68
14_19,1.31446,1.8221,-0.129,0.098,0.106,0.8290000000000001,-0.623,-7.372000000000001,27.9,33.66,-5.76,5.83,22.06,11.02,16.78,11.12,1,-5.29,11.12
7_22,1.28695,1.86218,-0.12300000000000001,0.08800000000000001,0.127,0.44799999999999995,-0.529,-7.77,30.42,30.5,-0.08,15.34,15.08,15.42,15.5,14.92,1,0.43,15.34
17_14,0.9844299999999999,1.79003,0.225,0.039,0.077,0.5,-0.589,-7.857,16.59,26.77,-10.18,8.95,7.64,13.44,23.62,-7.02,1,15.98,8.95
18_12,1.15585,1.8346099999999999,0.231,0.036000000000000004,0.064,0.495,-0.596,-7.768,14.83,27.48,-12.65,9.34,5.49,12.35,25.0,-10.17,1,19.51,9.34
9_20,1.26388,1.8342200000000002,-0.069,0.091,0.14,0.44799999999999995,-0.551,-7.162000000000001,24.73,32.64,-7.91,14.66,10.06,15.54,23.45,1.28,1,13.38,14.66
2_4,1.2575399999999999,1.6982700000000002,0.34299999999999997,0.004,0.066,0.489,-0.594,-8.015,19.46,32.27,-12.81,-5.81,25.27,9.24,22.05,-2.59,1,-3.21,-2.59
4_11,1.34591,1.8055,-0.22,0.115,0.141,0.915,-0.581,-8.095,29.37,28.06,1.32,1.15,28.22,16.97,16.97,12.4,1,-11.25,12.4
3_2,1.2626899999999999,1.87663,-0.09699999999999999,0.07400000000000001,0.015,0.5589999999999999,-0.609,-7.569,32.29,43.12,-10.83,16.98,15.31,11.46,22.28,10.01,1,6.97,16.98
14_4,1.21468,1.80102,0.322,0.01,0.08,0.758,-0.605,-8.095,19.13,21.14,-2.02,-4.08,23.2,9.1,11.12,8.01,1,-12.09,8.01
1_11,1.31388,1.60861,-0.183,0.106,0.111,0.377,-0.581,-7.8279999999999985,28.37,40.07,-11.7,11.31,17.07,13.46,25.16,3.21,1,8.09,11.31
12_14,1.06475,1.71018,0.196,0.043,0.066,0.779,-0.631,-7.8020000000000005,16.06,17.62,-1.56,4.2,11.86,8.16,9.73,6.33,1,-2.14,6.33
6_14,1.02509,1.6642700000000001,0.187,0.057,0.142,0.439,-0.523,-8.049,16.65,17.08,-0.43,8.43,8.21,13.02,13.45,3.2,1,5.23,8.43
6_1,1.31994,1.72915,-0.361,0.09699999999999999,0.11900000000000001,0.475,-0.53,-8.612,39.64,40.91,-1.26,9.96,29.68,18.2,19.46,20.18,1,-10.22,20.18
14_13,1.07802,1.8069099999999998,0.195,0.047,0.08199999999999999,0.78,-0.611,-7.925,17.61,21.41,-3.8,1.77,15.84,9.04,12.84,4.77,1,-3.0,4.77
10_10,1.26882,1.86372,-0.11800000000000001,0.09,0.075,0.515,-0.612,-7.386,34.13,44.68,-10.55,15.26,18.88,11.88,22.43,11.71,1,3.55,15.26
7_11,1.32087,1.8667900000000002,-0.175,0.10300000000000001,0.15,0.455,-0.54,-8.135,29.03,24.07,4.96,10.76,18.27,19.81,19.81,9.22,1,1.53,10.76
9_10,1.27398,1.8586200000000002,-0.109,0.098,0.142,0.45,-0.546,-7.831,32.94,39.24,-6.3,13.39,19.55,18.35,24.64,8.3,1,5.09,13.39
9_14,1.04431,1.68641,0.235,0.051,0.147,0.40700000000000003,-0.536,-8.061,15.97,21.07,-5.11,7.97,8.0,13.83,18.93,-2.96,1,10.93,7.97
13_12,1.18023,1.8173400000000002,0.201,0.042,0.062,0.7759999999999999,-0.62,-7.769,15.15,20.61,-5.46,1.94,13.21,8.65,14.11,1.04,1,0.9,1.94
8_11,1.3397299999999999,1.80498,-0.193,0.13,0.182,0.64,-0.515,-8.298,30.67,23.35,7.33,5.31,25.36,23.96,23.96,6.72,1,-1.4,6.72
8_10,1.30215,1.7963099999999999,-0.156,0.122,0.155,0.629,-0.534,-7.923999999999999,34.34,29.52,4.82,13.94,20.4,21.96,21.96,12.38,1,1.56,13.94
13_16,1.30017,1.8290099999999998,-0.121,0.096,0.09,0.826,-0.623,-7.287000000000001,29.19,34.26,-5.06,7.26,21.93,9.58,14.64,14.55,1,-7.29,14.55
9_13,1.12628,1.7196900000000002,0.237,0.051,0.145,0.40700000000000003,-0.536,-8.139,16.42,22.2,-5.78,8.28,8.14,14.02,19.81,-3.39,1,11.67,8.28
9_6,1.35131,1.8411,-0.218,0.063,0.16,0.43,-0.526,-8.422,30.45,32.38,-1.93,3.31,27.14,17.8,19.73,10.72,1,-7.41,10.72
7_6,1.3583399999999999,1.86139,-0.239,0.055999999999999994,0.14300000000000002,0.42200000000000004,-0.54,-8.329,30.61,26.98,3.62,5.14,25.46,18.21,18.21,12.4,1,-7.26,12.4
5_21,1.3060200000000002,1.7715900000000002,-0.126,0.105,0.159,0.5379999999999999,-0.5379999999999999,-7.959,33.27,34.52,-1.25,11.56,21.71,18.29,19.54,13.73,1,-2.17,13.73
12_6,1.37134,1.8387099999999998,-0.245,0.057,0.085,0.8,-0.627,-7.891,27.72,26.92,0.8,0.37,27.35,9.97,9.97,17.75,1,-17.38,17.75
10_18,1.2696399999999999,1.85359,-0.085,0.08900000000000001,0.08800000000000001,0.518,-0.612,-7.3770000000000024,31.13,41.38,-10.25,15.14,15.99,11.52,21.78,9.35,1,5.79,15.14
8_1,1.32307,1.6869999999999998,-0.3670000000000001,0.113,0.136,0.609,-0.535,-8.747,42.43,37.69,4.74,4.34,38.09,23.67,23.67,18.76,1,-14.42,18.76
22_19,1.29139,1.8664599999999998,-0.113,0.107,0.094,0.523,-0.604,-7.409,32.35,38.42,-6.07,20.32,12.02,14.69,20.76,11.59,1,8.74,20.32
20_4,1.2024299999999999,1.84073,0.349,0.001,0.064,0.479,-0.588,-7.7570000000000014,19.02,28.2,-9.18,-5.24,24.26,11.42,20.6,-1.58,1,-3.65,-1.58
16_7,1.3004200000000001,1.859,-0.225,0.09,0.115,0.547,-0.583,-8.639,37.47,43.07,-5.6,7.59,29.89,24.54,30.14,7.33,1,0.25,7.59
14_18,1.30408,1.8301900000000002,-0.12300000000000001,0.098,0.1,0.828,-0.621,-7.4289999999999985,30.57,34.4,-3.83,6.92,23.65,9.9,13.73,16.84,1,-9.92,16.84
12_20,1.29277,1.8302,-0.114,0.09,0.067,0.8240000000000001,-0.645,-6.811,27.89,32.11,-4.22,10.88,17.02,9.38,13.59,14.3,1,-3.42,14.3
6_15,1.32192,1.74997,0.032,0.077,0.115,0.49,-0.529,-8.211,7.57,12.1,-4.53,8.67,-1.09,15.33,19.86,-12.29,1,20.95,8.67
2_1,1.29366,1.66193,-0.335,0.077,0.040999999999999995,0.531,-0.616,-8.016,34.77,52.01,-17.24,3.07,31.7,7.88,25.12,9.66,1,-6.59,9.66
5_6,1.375,1.77637,-0.257,0.066,0.151,0.503,-0.527,-8.329,30.41,29.44,0.96,0.9,29.51,15.99,15.99,14.42,1,-13.52,14.42
9_18,1.2739,1.8231400000000002,-0.076,0.098,0.152,0.45299999999999996,-0.545,-7.76,30.73,35.39,-4.66,15.23,15.5,18.42,23.08,7.65,1,7.58,15.23
14_2,1.29488,1.80197,-0.129,0.086,0.046,0.81,-0.631,-7.76,31.92,38.66,-6.73,2.73,29.19,8.78,15.51,16.41,1,-13.68,16.41
15_2,1.23816,1.85493,-0.096,0.055999999999999994,-0.017,0.6809999999999999,-0.679,-7.3770000000000024,32.25,49.84,-17.59,-1.24,33.5,9.45,27.04,5.22,1,-6.46,5.22
10_7,1.32907,1.87713,-0.21899999999999997,0.08900000000000001,0.113,0.516,-0.595,-8.685,36.74,41.28,-4.53,-2.26,39.01,21.59,26.12,10.62,1,-12.89,10.62
16_6,1.31376,1.8582599999999998,-0.213,0.051,0.091,0.521,-0.581,-7.904,29.91,38.36,-8.45,6.12,23.78,14.82,23.27,6.63,1,-0.51,6.63
17_3,1.22419,1.8672,-0.083,0.075,0.035,0.537,-0.611,-7.664,32.4,45.16,-12.76,15.86,16.53,18.86,31.62,0.78,1,15.08,15.86
18_15,1.14012,1.8600700000000001,0.081,0.051,0.05,0.52,-0.598,-7.47,7.89,21.58,-13.69,7.7,0.19,13.21,26.9,-19.01,1,26.71,7.7
21_18,1.2719799999999999,1.84938,-0.09300000000000001,0.08900000000000001,0.099,0.545,-0.5870000000000001,-7.484,32.77,40.34,-7.57,15.69,17.07,18.04,25.62,7.15,1,8.55,15.69
13_2,1.29455,1.80486,-0.128,0.086,0.044000000000000004,0.81,-0.632,-7.7360000000000015,32.48,38.72,-6.24,3.72,28.76,9.01,15.25,17.23,1,-13.51,17.23
13_17,1.30063,1.83201,-0.11900000000000001,0.094,0.08900000000000001,0.8270000000000001,-0.624,-7.2570000000000014,30.25,33.8,-3.55,8.86,21.4,11.04,14.58,15.67,1,-6.82,15.67
13_8,1.3505200000000002,1.80177,-0.012,0.10099999999999999,0.19899999999999998,0.8140000000000001,-0.575,-8.559,32.99,28.2,4.79,-10.18,43.17,27.06,27.06,5.93,1,-16.11,5.93
21_8,1.2717200000000002,1.8499,0.008,0.09,0.19399999999999998,0.537,-0.532,-9.24,33.72,34.13,-0.41,-2.09,35.81,29.75,30.16,3.56,1,-5.65,3.56
2_18,1.27573,1.82915,-0.098,0.09,0.083,0.557,-0.613,-7.3660000000000005,31.06,45.7,-14.64,13.31,17.75,11.26,25.9,5.17,1,8.14,13.31
7_4,1.2717399999999999,1.84843,0.336,0.01,0.13,0.377,-0.542,-8.523,22.06,20.11,1.95,-7.65,29.71,13.77,13.77,8.28,1,-15.94,8.28
15_5,1.31371,1.8525,-0.138,0.032,0.046,0.667,-0.6579999999999999,-7.705,24.74,37.78,-13.04,1.02,23.73,12.17,25.2,-0.46,1,1.48,1.02
17_16,1.2679799999999999,1.86005,-0.09300000000000001,0.085,0.073,0.546,-0.596,-7.276,31.56,42.45,-10.89,15.13,16.43,13.17,24.06,7.5,1,7.64,15.13
9_7,1.33713,1.84476,-0.212,0.1,0.17600000000000002,0.456,-0.523,-9.269,41.69,39.67,2.02,-9.24,50.93,30.79,30.79,10.9,1,-20.14,10.9
21_16,1.25995,1.8580599999999998,-0.09300000000000001,0.086,0.087,0.542,-0.5870000000000001,-7.377999999999999,31.25,40.59,-9.34,18.06,13.19,13.31,22.66,8.59,1,9.47,18.06
19_22,1.19871,1.8583,-0.11199999999999999,0.08800000000000001,0.084,0.5429999999999999,-0.5710000000000001,-7.602,32.21,42.4,-10.19,14.58,17.63,12.28,22.47,9.74,1,4.84,14.58
14_16,1.3006,1.82538,-0.121,0.096,0.091,0.826,-0.622,-7.305,30.17,33.91,-3.74,9.16,21.01,10.89,14.63,15.54,1,-6.37,15.54
6_6,1.37485,1.76017,-0.257,0.067,0.157,0.45799999999999996,-0.519,-8.354,30.83,28.7,2.13,3.22,27.61,16.91,16.91,13.92,1,-10.7,13.92
3_7,1.33245,1.87153,-0.225,0.087,0.1,0.573,-0.584,-8.626,37.58,35.29,2.29,6.17,31.41,25.44,25.44,12.14,1,-5.97,12.14
3_14,1.03688,1.71416,0.22399999999999998,0.037000000000000005,0.057,0.528,-0.586,-7.754,18.11,27.71,-9.6,13.48,4.64,13.49,23.09,-4.98,1,18.45,13.48
3_3,1.25668,1.88205,-0.08199999999999999,0.073,0.013999999999999999,0.565,-0.612,-7.58,33.92,38.5,-4.58,18.47,15.45,19.13,23.71,10.21,1,8.26,18.47
2_22,1.27099,1.86139,-0.12,0.08199999999999999,0.062,0.5579999999999999,-0.581,-7.485,30.71,44.5,-13.8,10.86,19.85,13.01,26.81,3.9,1,6.96,10.86
21_1,1.24308,1.86316,-0.33,0.078,0.063,0.519,-0.593,-8.203,37.51,47.62,-10.11,9.93,27.58,13.47,23.57,13.93,1,-4.01,13.93
4_13,1.1546399999999999,1.68917,0.159,0.053,0.11199999999999999,0.865,-0.584,-8.087,17.76,18.69,-0.93,0.76,17.0,11.1,12.03,5.73,1,-4.97,5.73
11_15,1.30017,1.86018,0.07200000000000001,0.083,0.08800000000000001,0.45799999999999996,-0.6,-7.891,8.83,23.3,-14.47,8.63,0.2,14.67,29.14,-20.31,1,28.94,8.63
22_20,1.28108,1.8580900000000002,-0.092,0.10800000000000001,0.091,0.519,-0.615,-6.827000000000001,26.1,37.28,-11.17,16.81,9.29,8.45,19.62,6.48,1,10.33,16.81
22_3,1.27265,1.87555,-0.09,0.098,0.051,0.511,-0.623,-7.563,31.36,42.33,-10.97,15.64,15.72,13.56,24.53,6.83,1,8.81,15.64
8_3,1.2875299999999998,1.80585,-0.12300000000000001,0.109,0.125,0.623,-0.5479999999999999,-8.282,31.89,29.78,2.11,10.42,21.47,20.67,20.67,11.22,1,-0.8,11.22
14_7,1.3609799999999999,1.8183799999999999,-0.253,0.099,0.13,0.823,-0.609,-8.397,37.44,35.59,1.85,-5.46,42.9,22.29,22.29,15.15,1,-20.61,15.15
17_11,1.2750700000000001,1.8582400000000001,-0.16399999999999998,0.1,0.105,0.555,-0.5820000000000001,-7.772,29.18,37.46,-8.27,11.35,17.84,16.1,24.37,4.82,1,6.53,11.35
22_11,1.32423,1.86863,-0.171,0.121,0.11699999999999999,0.532,-0.59,-7.672999999999999,30.39,34.0,-3.61,13.53,16.86,14.18,17.79,12.6,1,0.93,13.53
10_9,1.34148,1.8697700000000002,-0.21100000000000002,0.109,0.15,0.534,-0.583,-8.597000000000001,33.18,36.08,-2.89,8.48,24.7,21.57,24.47,8.72,1,-0.23,8.72
1_13,1.1150200000000001,1.67085,0.20199999999999999,0.045,0.08199999999999999,0.32299999999999995,-0.589,-7.883999999999999,16.67,32.69,-16.02,7.65,9.01,10.48,26.5,-9.83,1,17.48,7.65
19_11,1.22244,1.8640700000000001,-0.16399999999999998,0.102,0.11,0.5529999999999999,-0.568,-7.803,29.28,37.32,-8.04,7.76,21.52,14.49,22.54,6.74,1,1.02,7.76
9_17,1.26993,1.8451099999999998,-0.073,0.09300000000000001,0.14800000000000002,0.45,-0.5479999999999999,-7.601,27.67,34.56,-6.88,13.49,14.18,16.18,23.06,4.61,1,8.88,13.49
12_12,1.25975,1.82665,0.203,0.039,0.046,0.775,-0.64,-7.684,15.04,18.2,-3.16,4.7,10.34,7.59,10.75,4.29,1,0.41,4.7
16_13,1.0386799999999998,1.7988400000000002,0.225,0.04,0.075,0.5,-0.589,-7.876,16.71,27.86,-11.15,9.03,7.68,13.15,24.3,-7.59,1,16.62,9.03
16_3,1.22519,1.8710099999999998,-0.083,0.076,0.035,0.5379999999999999,-0.611,-7.643,32.2,45.96,-13.76,14.6,17.6,19.28,33.03,-0.83,1,15.44,14.6
7_7,1.3446,1.86325,-0.239,0.094,0.162,0.44799999999999995,-0.5379999999999999,-9.186,43.57,36.71,6.86,-4.27,47.84,32.63,32.63,10.94,1,-15.21,10.94
3_12,1.2353299999999998,1.8707099999999999,0.23199999999999998,0.033,0.036000000000000004,0.523,-0.597,-7.636,17.07,30.81,-13.73,12.49,4.59,11.77,25.51,-8.43,1,20.92,12.49
14_11,1.33697,1.81014,-0.191,0.109,0.11800000000000001,0.831,-0.609,-7.8610000000000015,27.95,29.65,-1.7,3.93,24.02,11.55,13.25,14.7,1,-10.77,14.7
4_20,1.3040200000000002,1.7946099999999998,-0.147,0.096,0.10800000000000001,0.9079999999999999,-0.597,-7.0429999999999975,28.27,29.3,-1.03,10.93,17.33,14.15,15.18,13.09,1,-2.15,13.09
16_14,0.9903,1.7747700000000002,0.22399999999999998,0.04,0.077,0.5,-0.589,-7.838999999999999,16.56,24.7,-8.14,11.07,5.49,13.06,21.2,-4.64,1,15.71,11.07
16_11,1.2771700000000001,1.86391,-0.16399999999999998,0.10099999999999999,0.10400000000000001,0.555,-0.5820000000000001,-7.755,29.31,37.57,-8.27,11.48,17.82,15.88,24.14,5.16,1,6.32,11.48
21_19,1.20497,1.8591099999999998,-0.10400000000000001,0.09,0.096,0.544,-0.59,-7.581,30.63,40.13,-9.5,16.43,14.2,15.91,25.42,5.22,1,11.21,16.43
17_13,1.0392299999999999,1.8088400000000002,0.226,0.039,0.076,0.5,-0.589,-7.893,16.55,27.26,-10.72,9.24,7.31,12.87,23.58,-7.04,1,16.28,9.24
20_8,1.25281,1.8423,0.011000000000000001,0.08800000000000001,0.174,0.537,-0.551,-7.956,32.76,36.39,-3.63,0.77,31.99,18.58,22.21,10.55,1,-9.78,10.55
14_8,1.35125,1.7983900000000002,-0.013000000000000001,0.10099999999999999,0.2,0.8140000000000001,-0.573,-8.451,33.05,28.24,4.81,-10.71,43.76,27.45,27.45,5.6,1,-16.31,5.6
14_12,1.21109,1.80951,0.2,0.042,0.062,0.7759999999999999,-0.619,-7.822,13.61,19.87,-6.26,1.0,12.61,7.32,13.58,0.03,1,0.97,1.0
2_11,1.30995,1.87254,-0.17,0.10099999999999999,0.098,0.564,-0.596,-7.7410000000000005,27.19,38.34,-11.15,9.54,17.65,12.09,23.24,3.95,1,5.59,9.54
15_3,1.2447700000000002,1.85326,-0.08800000000000001,0.057999999999999996,-0.018000000000000002,0.6890000000000001,-0.682,-7.364,32.84,48.65,-15.81,6.02,26.81,13.71,29.52,3.31,1,2.71,6.02
20_22,1.25417,1.8470900000000001,-0.114,0.081,0.061,0.55,-0.579,-7.4220000000000015,32.81,43.1,-10.28,15.41,17.4,12.92,23.2,9.61,1,5.8,15.41
3_13,1.10028,1.7490599999999998,0.226,0.036000000000000004,0.055,0.528,-0.586,-7.773,18.1,27.25,-9.15,14.36,3.74,13.42,22.57,-4.47,1,18.84,14.36
3_15,1.24251,1.88435,0.085,0.044000000000000004,0.021,0.5479999999999999,-0.599,-7.291,9.34,27.43,-18.09,9.55,-0.21,14.24,32.34,-23.0,1,32.54,9.55
8_18,1.29493,1.78805,-0.129,0.11800000000000001,0.161,0.632,-0.532,-7.894,31.85,27.31,4.54,14.25,17.6,21.28,21.28,10.57,1,3.67,14.25
2_13,1.1232799999999998,1.7005,0.218,0.037000000000000005,0.059000000000000004,0.512,-0.5920000000000001,-7.771,16.9,30.57,-13.67,8.05,8.85,10.48,24.15,-7.25,1,15.3,8.05
6_4,1.2904799999999998,1.76403,0.316,0.023,0.142,0.409,-0.518,-8.539,20.26,19.66,0.6,-5.96,26.22,11.3,11.3,8.96,1,-14.91,8.96
20_1,1.2473,1.85182,-0.32899999999999996,0.075,0.040999999999999995,0.521,-0.608,-7.723,35.53,48.11,-12.58,10.57,24.95,10.13,22.72,12.81,1,-2.23,12.81
19_13,1.0067,1.8018900000000002,0.225,0.042,0.08199999999999999,0.4970000000000001,-0.575,-7.899,18.15,27.59,-9.44,11.83,6.32,14.92,24.36,-6.22,1,18.05,11.83
1_12,1.21186,1.57961,0.20800000000000002,0.040999999999999995,0.064,0.318,-0.601,-7.766,15.15,32.4,-17.25,9.35,5.79,9.1,26.35,-11.2,1,20.56,9.35
19_3,1.18296,1.8673799999999998,-0.08,0.081,0.047,0.534,-0.609,-7.68,31.97,45.1,-13.12,15.24,16.73,16.34,29.46,2.51,1,12.73,15.24
16_4,1.21851,1.86897,0.348,0.004,0.07400000000000001,0.479,-0.5820000000000001,-8.032,19.61,28.05,-8.44,-4.19,23.8,11.66,20.1,-0.49,1,-3.7,-0.49
4_5,1.3791799999999999,1.79384,-0.20600000000000002,0.064,0.134,0.8859999999999999,-0.578,-8.363,28.04,26.45,1.59,-5.41,33.44,13.17,13.17,14.87,1,-20.27,14.87
19_19,1.28741,1.86612,-0.106,0.09,0.087,0.545,-0.5820000000000001,-7.47,30.25,40.3,-10.06,13.36,16.89,16.32,26.38,3.87,1,9.49,13.36
7_12,1.2521200000000001,1.85752,0.218,0.04,0.11199999999999999,0.39399999999999996,-0.56,-8.152000000000001,15.45,19.16,-3.71,14.76,0.69,12.99,16.7,-1.25,1,16.01,14.76
7_17,1.28044,1.86232,-0.1,0.086,0.131,0.444,-0.561,-7.527,28.15,29.46,-1.3,20.55,7.6,16.09,17.39,10.76,1,9.79,20.55
17_18,1.2711700000000001,1.8486099999999999,-0.09300000000000001,0.08800000000000001,0.08800000000000001,0.5489999999999999,-0.596,-7.381,32.88,42.44,-9.57,15.21,17.67,14.46,24.03,8.85,1,6.36,15.21
14_6,1.37578,1.8187,-0.249,0.06,0.1,0.8009999999999999,-0.606,-8.013,26.98,28.04,-1.06,-1.83,28.81,9.99,11.05,15.93,1,-17.76,15.93
19_7,1.26381,1.8566200000000002,-0.222,0.094,0.125,0.5429999999999999,-0.581,-8.672,38.93,43.47,-4.54,8.2,30.73,26.31,30.84,8.09,1,0.12,8.2
17_19,1.21738,1.8606200000000002,-0.10400000000000001,0.08900000000000001,0.083,0.5479999999999999,-0.6,-7.4860000000000015,30.56,40.99,-10.42,14.26,16.3,14.77,25.19,5.37,1,8.88,14.26
22_7,1.34788,1.86215,-0.23,0.11,0.125,0.525,-0.59,-8.586,38.45,38.69,-0.25,7.36,31.09,25.43,25.68,12.77,1,-5.41,12.77
11_18,1.2739200000000002,1.82915,-0.079,0.096,0.115,0.486,-0.573,-7.497000000000001,32.07,42.55,-10.49,13.59,18.48,13.94,24.43,7.64,1,5.95,13.59
6_19,1.3103,1.75837,-0.128,0.10400000000000001,0.156,0.496,-0.534,-7.6610000000000005,27.91,30.91,-3.0,13.04,14.87,18.27,21.27,6.64,1,6.4,13.04
21_10,1.23299,1.8634700000000002,-0.12300000000000001,0.091,0.08900000000000001,0.542,-0.591,-7.516,35.0,43.96,-8.96,17.28,17.72,15.45,24.4,10.6,1,6.68,17.28
1_19,1.2871,1.86228,-0.11800000000000001,0.095,0.098,0.371,-0.598,-7.37,29.11,46.42,-17.31,13.55,15.56,13.27,30.58,-1.47,1,15.01,13.55
5_18,1.30187,1.7575,-0.12300000000000001,0.10300000000000001,0.14400000000000002,0.5379999999999999,-0.541,-7.687,31.23,33.46,-2.23,12.37,18.85,15.37,17.6,13.63,1,-1.25,13.63
3_19,1.25201,1.8681,-0.107,0.086,0.061,0.573,-0.598,-7.43,31.65,36.38,-4.73,23.43,8.21,15.86,20.59,11.06,1,12.37,23.43
18_1,1.21865,1.8531099999999998,-0.33,0.078,0.055,0.521,-0.598,-8.102,37.06,48.35,-11.29,9.47,27.59,11.84,23.14,13.92,1,-4.46,13.92
15_8,1.29501,1.83883,0.009000000000000001,0.078,0.152,0.6759999999999999,-0.634,-8.574,29.01,36.86,-7.85,0.21,28.8,22.7,30.54,-1.54,1,1.75,0.21
21_9,1.29316,1.84705,-0.21600000000000005,0.11199999999999999,0.16,0.563,-0.5589999999999999,-8.746,34.47,36.62,-2.15,8.31,26.17,26.31,28.46,6.01,1,2.29,8.31
8_22,1.30955,1.7909099999999998,-0.147,0.11699999999999999,0.158,0.636,-0.5,-7.931,31.94,28.37,3.57,13.76,18.18,16.32,16.32,15.62,1,-1.86,15.62
7_2,1.27271,1.8627200000000002,-0.11,0.081,0.09,0.429,-0.5720000000000001,-8.083,32.58,34.75,-2.17,16.95,15.63,13.22,15.39,17.19,1,-0.24,17.19
19_5,1.24692,1.8641,-0.13699999999999998,0.05,0.1,0.519,-0.5670000000000001,-8.017999999999999,28.97,37.23,-8.26,3.23,25.74,11.7,19.96,9.0,1,-5.77,9.0
10_5,1.33351,1.8694400000000002,-0.128,0.048,0.091,0.49,-0.593,-7.9620000000000015,27.24,34.46,-7.22,6.04,21.2,11.12,18.34,8.9,1,-2.87,8.9
20_18,1.2643799999999998,1.8428400000000005,-0.09300000000000001,0.087,0.078,0.5489999999999999,-0.601,-7.2929999999999975,33.33,43.82,-10.49,15.2,18.13,13.39,23.88,9.46,1,5.74,15.2
13_22,1.30399,1.8205200000000001,-0.139,0.096,0.096,0.825,-0.595,-7.516,29.4,33.66,-4.26,3.74,25.65,9.54,13.8,15.6,1,-11.85,15.6
3_18,1.2732700000000001,1.85208,-0.092,0.08800000000000001,0.07200000000000001,0.575,-0.599,-7.346,31.11,38.96,-7.84,20.47,10.64,13.0,20.84,10.27,1,10.2,20.47
17_12,1.1991399999999999,1.8571400000000002,0.23199999999999998,0.035,0.059000000000000004,0.496,-0.6,-7.733,14.77,28.15,-13.38,8.85,5.92,11.8,25.18,-10.41,1,19.26,8.85
1_18,1.27846,1.80795,-0.113,0.095,0.095,0.369,-0.597,-7.421,32.51,46.62,-14.1,15.69,16.82,12.81,26.92,5.6,1,10.1,15.69
19_1,1.2,1.8801900000000002,-0.33,0.078,0.055999999999999994,0.52,-0.588,-8.107000000000001,37.4,49.21,-11.81,4.52,32.88,12.48,24.29,13.11,1,-8.59,13.11
8_4,1.29615,1.7572400000000001,0.315,0.043,0.17,0.561,-0.516,-8.742,23.08,13.33,9.76,-10.92,34.0,14.15,14.15,8.94,1,-19.85,8.94
10_20,1.26065,1.8570900000000001,-0.078,0.083,0.071,0.514,-0.616,-6.862,27.49,39.81,-12.32,16.58,10.91,11.25,23.57,3.92,1,12.65,16.58
12_16,1.29694,1.84053,-0.11800000000000001,0.094,0.077,0.825,-0.643,-7.204,32.01,33.58,-1.57,10.78,21.23,10.75,12.32,19.68,1,-8.9,19.68
7_15,1.29013,1.87137,0.061,0.059000000000000004,0.102,0.42100000000000004,-0.564,-8.06,7.45,11.62,-4.17,8.15,-0.7,14.96,19.13,-11.68,1,19.83,8.15
4_7,1.37006,1.8026099999999998,-0.284,0.106,0.155,0.91,-0.579,-9.177,43.08,39.0,4.08,-12.64,55.72,29.29,29.29,13.79,1,-26.43,13.79
12_7,1.36511,1.83185,-0.257,0.098,0.12300000000000001,0.82,-0.624,-8.724,32.77,33.35,-0.58,-10.12,42.89,18.8,19.38,13.39,1,-23.51,13.39
4_2,1.2977,1.63202,-0.156,0.087,0.071,0.894,-0.603,-8.04,33.27,36.07,-2.8,3.18,30.09,11.05,13.85,19.42,1,-16.24,19.42
9_2,1.27855,1.85552,-0.099,0.11,0.11900000000000001,0.43,-0.573,-8.163,28.25,36.07,-7.83,4.99,23.25,13.78,21.6,6.64,1,-1.65,6.64
9_9,1.3598700000000001,1.84638,-0.21100000000000002,0.136,0.21600000000000005,0.473,-0.523,-9.117,36.72,34.45,2.27,-2.81,39.53,31.27,31.27,5.45,1,-8.26,5.45
13_1,1.25261,1.79253,-0.626,0.086,0.062,0.7979999999999999,-0.36,-8.102,38.63,44.04,-5.41,4.59,34.04,10.57,15.98,22.65,1,-18.06,22.65
8_15,1.32023,1.79866,-0.537,0.09300000000000001,0.127,0.611,0.036000000000000004,-8.378,7.26,6.56,0.7,6.66,0.6,15.82,15.82,-8.56,1,15.22,6.66
4_9,1.37984,1.8045200000000001,-0.5670000000000001,0.124,0.191,0.925,-0.27,-9.04,35.62,30.28,5.34,-8.13,43.76,28.68,28.68,6.94,1,-15.07,6.94
12_1,1.32138,1.7054900000000002,-0.647,0.083,0.046,0.797,-0.359,-8.06,38.31,42.56,-4.25,-5.44,43.75,8.14,12.39,25.92,1,-31.36,25.92
14_1,1.2504899999999999,1.79308,-0.626,0.087,0.064,0.7979999999999999,-0.36,-8.084,38.79,44.51,-5.72,3.69,35.1,10.79,16.51,22.28,1,-18.59,22.28
